"Country","GTFCC_Target_Country","Continent","WHO_Region","Subregion","Year","Total_Cases","Autochtonous_Cases","Imported_Cases","Deaths","CFR","Incidence_Rate_perMillion"
"Nigeria","Yes","Africa","AFRO","West and Central Africa",2021,111062,111062,0,3604,3.24,552.82
"Afghanistan","Yes","Asia","EMRO","South Asia",2000,4330,4330,0,198,4.57,113.82
"Afghanistan","Yes","Asia","EMRO","South Asia",2001,4499,4499,0,114,2.53,118.26
"Afghanistan","Yes","Asia","EMRO","South Asia",2002,3,3,0,0,0,0.08
"Afghanistan","Yes","Asia","EMRO","South Asia",2003,41,41,0,7,17.07,1.08
"Afghanistan","Yes","Asia","EMRO","South Asia",2005,33,33,0,0,0,0.87
"Afghanistan","Yes","Asia","EMRO","South Asia",2008,4384,4384,0,22,0.5,115.24
"Afghanistan","Yes","Asia","EMRO","South Asia",2009,662,662,0,11,1.66,17.4
"Afghanistan","Yes","Asia","EMRO","South Asia",2010,2369,2369,0,10,0.42,62.27
"Afghanistan","Yes","Asia","EMRO","South Asia",2011,3733,3733,0,44,1.18,98.13
"Afghanistan","Yes","Asia","EMRO","South Asia",2012,12,12,0,0,0,0.32
"Afghanistan","Yes","Asia","EMRO","South Asia",2013,3957,3957,0,14,0.35,104.02
"Afghanistan","Yes","Asia","EMRO","South Asia",2014,45481,45481,0,4,0.01,1195.55
"Afghanistan","Yes","Asia","EMRO","South Asia",2015,58064,58064,0,8,0.01,1526.32
"Afghanistan","Yes","Asia","EMRO","South Asia",2016,677,677,0,5,0.74,17.8
"Afghanistan","Yes","Asia","EMRO","South Asia",2017,33,33,0,1,3.03,0.87
"Afghanistan","Yes","Asia","EMRO","South Asia",2019,2,2,0,0,0,0.05
"Dem Rep Congo","Yes","Africa","AFRO","West and Central Africa",2021,12103,12103,0,209,1.73,139.45
"Niger","Yes","Africa","AFRO","West and Central Africa",2021,5591,5188,403,166,2.97,239.85
"Yemen","Yes","Asia","EMRO","Middle East and North Africa",2021,72765,72765,0,45,0.06,2495.21
"Angola","Yes","Africa","AFRO","Eastern and Southern Africa",2006,67257,67257,0,2722,4.05,2113.32
"Angola","Yes","Africa","AFRO","Eastern and Southern Africa",2007,18422,18422,0,513,2.78,578.85
"Angola","Yes","Africa","AFRO","Eastern and Southern Africa",2008,10511,10511,0,243,2.31,330.27
"Angola","Yes","Africa","AFRO","Eastern and Southern Africa",2013,6655,6655,0,86,1.29,209.11
"Angola","Yes","Africa","AFRO","Eastern and Southern Africa",2009,2019,2019,0,88,4.36,63.44
"Angola","Yes","Africa","AFRO","Eastern and Southern Africa",2011,1810,1810,0,110,6.08,56.87
"Angola","Yes","Africa","AFRO","Eastern and Southern Africa",2018,1546,1546,0,25,1.62,48.58
"Angola","Yes","Africa","AFRO","Eastern and Southern Africa",2010,1484,1484,0,30,2.02,46.63
"Angola","Yes","Africa","AFRO","Eastern and Southern Africa",2012,1215,1215,0,98,8.07,38.18
"Angola","Yes","Africa","AFRO","Eastern and Southern Africa",2017,828,828,0,43,5.19,26.02
"Somalia","Yes","Africa","EMRO","Eastern and Southern Africa",2021,4342,4342,0,32,0.74,281.16
"Angola","Yes","Africa","AFRO","Eastern and Southern Africa",2014,213,213,0,3,1.41,6.69
"Angola","Yes","Africa","AFRO","Eastern and Southern Africa",2016,78,78,0,3,3.85,2.45
"Benin","Yes","Africa","AFRO","West and Central Africa",2021,1298,1298,0,23,1.77,109.99
"Cameroon","Yes","Africa","AFRO","West and Central Africa",2021,728,728,0,23,3.16,28.13
"Mozambique","Yes","Africa","AFRO","Eastern and Southern Africa",2021,5072,5072,0,21,0.41,167.03
"Australia","No","Oceania","WPRO","East Asia and Pacific",2000,1,0,1,0,0,0
"Australia","No","Oceania","WPRO","East Asia and Pacific",2001,4,0,4,0,0,0
"Australia","No","Oceania","WPRO","East Asia and Pacific",2002,5,3,2,0,0,0.12
"Australia","No","Oceania","WPRO","East Asia and Pacific",2004,2,0,2,0,0,0
"Australia","No","Oceania","WPRO","East Asia and Pacific",2005,2,0,2,0,0,0
"Australia","No","Oceania","WPRO","East Asia and Pacific",2006,3,0,3,0,0,0
"Australia","No","Oceania","WPRO","East Asia and Pacific",2007,3,0,3,0,0,0
"Australia","No","Oceania","WPRO","East Asia and Pacific",2010,3,0,3,0,0,0
"Australia","No","Oceania","WPRO","East Asia and Pacific",2011,6,0,6,0,0,0
"Australia","No","Oceania","WPRO","East Asia and Pacific",2012,5,0,5,0,0,0
"Australia","No","Oceania","WPRO","East Asia and Pacific",2013,3,1,2,0,0,0.04
"Australia","No","Oceania","WPRO","East Asia and Pacific",2014,2,0,2,0,0,0
"Australia","No","Oceania","WPRO","East Asia and Pacific",2015,2,2,0,0,0,0.08
"Philippines","Yes","Asia","WPRO","East Asia and Pacific",2021,2019,2019,0,13,0.64,18.67
"Australia","No","Oceania","WPRO","East Asia and Pacific",2016,1,0,1,0,0,0
"Australia","No","Oceania","WPRO","East Asia and Pacific",2017,3,0,3,0,0,0
"Australia","No","Oceania","WPRO","East Asia and Pacific",2019,2,0,2,0,0,0
"Austria","No","Europe","EURO","Western Europe",2002,1,0,1,0,0,0
"Austria","No","Europe","EURO","Western Europe",2005,1,0,1,0,0,0
"Ethiopia","Yes","Africa","AFRO","Eastern and Southern Africa",2021,674,674,0,7,1.04,6.01
"Nepal","Yes","Asia","SEARO","South Asia",2021,1609,1607,2,7,0.44,56.17
"Bahamas","No","Americas","PAHO","Americas and Caribbean",2011,1,0,1,0,0,0
"Bahamas","No","Americas","PAHO","Americas and Caribbean",2012,1,0,1,0,0,0
"Togo","Yes","Africa","AFRO","West and Central Africa",2021,40,40,0,5,12.5,4.95
"Bahrain","No","Asia","EMRO","Middle East and North Africa",2015,8,0,8,0,0,0
"Mali","Yes","Africa","AFRO","West and Central Africa",2021,12,12,0,4,33.33,0.61
"Afghanistan","Yes","Asia","EMRO","South Asia",2021,4755,4755,0,0,0,124.99
"Bangladesh","Yes","Asia","SEARO","South Asia",2018,566,566,0,0,0,3.47
"Bangladesh","Yes","Asia","SEARO","South Asia",2019,503,503,0,0,0,3.09
"Bangladesh","Yes","Asia","SEARO","South Asia",2020,212,212,0,0,0,1.3
"Uganda","Yes","Africa","AFRO","Eastern and Southern Africa",2021,173,173,0,0,0,3.91
"Sudan","Yes","Africa","EMRO","Middle East and North Africa",2021,9,9,0,0,0,0.21
"Belgium","No","Europe","EURO","Western Europe",2004,1,0,1,0,0,0
"Belgium","No","Europe","EURO","Western Europe",2005,2,0,2,0,0,0
"Liberia","Yes","Africa","AFRO","West and Central Africa",2021,167,167,0,0,0,33.82
"Rwanda","No","Africa","AFRO","Eastern and Southern Africa",2021,74,74,0,0,0,5.86
"Benin","Yes","Africa","AFRO","West and Central Africa",2001,3943,3943,0,71,1.8,334.12
"Benin","Yes","Africa","AFRO","West and Central Africa",2008,985,985,0,5,0.51,83.47
"Benin","Yes","Africa","AFRO","West and Central Africa",2010,983,983,0,8,0.81,83.3
"Benin","Yes","Africa","AFRO","West and Central Africa",2014,832,832,0,12,1.44,70.5
"Benin","Yes","Africa","AFRO","West and Central Africa",2016,761,761,0,13,1.71,64.49
"Benin","Yes","Africa","AFRO","West and Central Africa",2011,755,755,0,4,0.53,63.98
"Benin","Yes","Africa","AFRO","West and Central Africa",2005,749,749,0,11,1.47,63.47
"Benin","Yes","Africa","AFRO","West and Central Africa",2004,642,642,0,9,1.4,54.4
"Benin","Yes","Africa","AFRO","West and Central Africa",2012,625,625,0,3,0.48,52.96
"Benin","Yes","Africa","AFRO","West and Central Africa",2013,528,528,0,6,1.14,44.74
"Benin","Yes","Africa","AFRO","West and Central Africa",2000,468,468,0,11,2.35,39.66
"Benin","Yes","Africa","AFRO","West and Central Africa",2003,434,434,0,11,2.53,36.78
"Benin","Yes","Africa","AFRO","West and Central Africa",2002,270,270,0,13,4.81,22.88
"Benin","Yes","Africa","AFRO","West and Central Africa",2006,91,91,0,1,1.1,7.71
"Benin","Yes","Africa","AFRO","West and Central Africa",2009,74,74,0,1,1.35,6.27
"Benin","Yes","Africa","AFRO","West and Central Africa",2019,50,50,0,0,0,4.24
"Benin","Yes","Africa","AFRO","West and Central Africa",2017,11,11,0,0,0,0.93
"Bangladesh","Yes","Asia","SEARO","South Asia",2021,477,477,0,0,0,2.93
"Benin","Yes","Africa","AFRO","West and Central Africa",2020,232,232,0,6,2.59,19.66
"Malaysia","Yes","Asia","WPRO","East Asia and Pacific",2021,64,63,1,0,0,2
"Cambodia","No","Asia","WPRO","East Asia and Pacific",2021,26,26,0,0,0,1.58
"Botswana","No","Africa","AFRO","Eastern and Southern Africa",2009,15,15,0,2,13.33,6.51
"Botswana","No","Africa","AFRO","Eastern and Southern Africa",2008,8,8,0,1,12.5,3.47
"Brazil","No","Americas","PAHO","Americas and Caribbean",2000,715,715,0,17,2.38,3.36
"Brazil","No","Americas","PAHO","Americas and Caribbean",2001,7,7,0,0,0,0.03
"Brazil","No","Americas","PAHO","Americas and Caribbean",2004,21,21,0,0,0,0.1
"Brazil","No","Americas","PAHO","Americas and Caribbean",2005,5,5,0,0,0,0.02
"Brazil","No","Americas","PAHO","Americas and Caribbean",2011,1,0,1,0,0,0
"Tanzania","Yes","Africa","AFRO","Eastern and Southern Africa",2021,54,54,0,0,0,0.93
"Kenya","Yes","Africa","AFRO","Eastern and Southern Africa",2021,38,38,0,0,0,0.72
"Brunei Darussalam","No","Asia","WPRO","East Asia and Pacific",2011,3,0,3,0,0,0
"Burundi","Yes","Africa","AFRO","Eastern and Southern Africa",2021,11,11,0,0,0,0.95
"Malawi","Yes","Africa","AFRO","Eastern and Southern Africa",2021,2,2,0,0,0,0.11
"Burkina Faso","Yes","Africa","AFRO","West and Central Africa",2000,617,617,0,14,2.27,30.36
"Burkina Faso","Yes","Africa","AFRO","West and Central Africa",2001,477,477,0,7,1.47,23.47
"Burkina Faso","Yes","Africa","AFRO","West and Central Africa",2003,1,1,0,0,0,0.05
"Burkina Faso","Yes","Africa","AFRO","West and Central Africa",2005,1050,1050,0,16,1.52,51.67
"Burkina Faso","Yes","Africa","AFRO","West and Central Africa",2011,20,20,0,2,10,0.98
"Burkina Faso","Yes","Africa","AFRO","West and Central Africa",2012,143,143,0,7,4.9,7.04
"Burundi","Yes","Africa","AFRO","Eastern and Southern Africa",2013,1557,1557,0,17,1.09,135.03
"Burundi","Yes","Africa","AFRO","Eastern and Southern Africa",2005,1309,1309,0,18,1.38,113.52
"Burundi","Yes","Africa","AFRO","Eastern and Southern Africa",2019,1145,1145,0,9,0.79,99.3
"Burundi","Yes","Africa","AFRO","Eastern and Southern Africa",2011,1072,1072,0,1,0.09,92.97
"Burundi","Yes","Africa","AFRO","Eastern and Southern Africa",2000,1021,1021,0,16,1.57,88.55
"Burundi","Yes","Africa","AFRO","Eastern and Southern Africa",2001,1003,1003,0,20,1.99,86.99
"Burundi","Yes","Africa","AFRO","Eastern and Southern Africa",2006,886,886,0,7,0.79,76.84
"Burundi","Yes","Africa","AFRO","Eastern and Southern Africa",2004,819,819,0,14,1.71,71.03
"Burundi","Yes","Africa","AFRO","Eastern and Southern Africa",2014,582,582,0,9,1.55,50.47
"Burundi","Yes","Africa","AFRO","Eastern and Southern Africa",2002,577,577,0,8,1.39,50.04
"Burundi","Yes","Africa","AFRO","Eastern and Southern Africa",2015,442,442,0,0,0,38.33
"Burundi","Yes","Africa","AFRO","Eastern and Southern Africa",2016,434,434,0,5,1.15,37.64
"Burundi","Yes","Africa","AFRO","Eastern and Southern Africa",2003,432,432,0,18,4.17,37.47
"Burundi","Yes","Africa","AFRO","Eastern and Southern Africa",2017,399,399,0,0,0,34.6
"Burundi","Yes","Africa","AFRO","Eastern and Southern Africa",2007,365,365,0,2,0.55,31.65
"Burundi","Yes","Africa","AFRO","Eastern and Southern Africa",2009,355,355,0,0,0,30.79
"Burundi","Yes","Africa","AFRO","Eastern and Southern Africa",2010,333,333,0,1,0.3,28.88
"Burundi","Yes","Africa","AFRO","Eastern and Southern Africa",2008,234,234,0,4,1.71,20.29
"Burundi","Yes","Africa","AFRO","Eastern and Southern Africa",2012,214,214,0,1,0.47,18.56
"Burundi","Yes","Africa","AFRO","Eastern and Southern Africa",2018,92,92,0,1,1.09,7.98
"Burundi","Yes","Africa","AFRO","Eastern and Southern Africa",2020,277,277,0,5,1.81,24.02
"Ghana","Yes","Africa","AFRO","West and Central Africa",2021,2,2,0,0,0,0.07
"Burkina Faso","Yes","Africa","AFRO","West and Central Africa",2021,3,1,2,0,0,0.15
"Cambodia","No","Asia","WPRO","East Asia and Pacific",2004,57,57,0,1,1.75,3.46
"Cambodia","No","Asia","WPRO","East Asia and Pacific",2009,39,39,0,0,0,2.37
"Cambodia","No","Asia","WPRO","East Asia and Pacific",2010,588,588,0,1,0.17,35.66
"Cambodia","No","Asia","WPRO","East Asia and Pacific",2020,48,48,0,0,0,2.91
"Pakistan","Yes","Asia","EMRO","South Asia",2021,21,21,0,0,0,0.1
"Cameroon","Yes","Africa","AFRO","West and Central Africa",2011,22433,22433,0,783,3.49,866.93
"Cameroon","Yes","Africa","AFRO","West and Central Africa",2010,10759,10759,0,657,6.11,415.78
"Cameroon","Yes","Africa","AFRO","West and Central Africa",2004,8005,8005,0,137,1.71,309.36
"Cameroon","Yes","Africa","AFRO","West and Central Africa",2014,3355,3355,0,184,5.48,129.65
"Cameroon","Yes","Africa","AFRO","West and Central Africa",2005,2847,2847,0,110,3.86,110.02
"Cameroon","Yes","Africa","AFRO","West and Central Africa",2019,1840,1840,0,93,5.05,71.11
"Cameroon","Yes","Africa","AFRO","West and Central Africa",2018,1052,1052,0,58,5.51,40.65
"Cameroon","Yes","Africa","AFRO","West and Central Africa",2006,922,922,0,35,3.8,35.63
"Cameroon","Yes","Africa","AFRO","West and Central Africa",2009,804,804,0,89,11.07,31.07
"Cameroon","Yes","Africa","AFRO","West and Central Africa",2012,363,363,0,5,1.38,14.03
"Cameroon","Yes","Africa","AFRO","West and Central Africa",2001,259,259,0,7,2.7,10.01
"Cameroon","Yes","Africa","AFRO","West and Central Africa",2003,207,207,0,36,17.39,8
"Cameroon","Yes","Africa","AFRO","West and Central Africa",2015,124,124,0,6,4.84,4.79
"Cameroon","Yes","Africa","AFRO","West and Central Africa",2000,123,123,0,29,23.58,4.75
"Cameroon","Yes","Africa","AFRO","West and Central Africa",2002,66,66,0,8,12.12,2.55
"Cameroon","Yes","Africa","AFRO","West and Central Africa",2013,29,29,0,0,0,1.12
"Cameroon","Yes","Africa","AFRO","West and Central Africa",2007,10,10,0,1,10,0.39
"Cameroon","Yes","Africa","AFRO","West and Central Africa",2020,1890,1890,0,73,3.86,73.04
"Cote d'Ivoire","Yes","Africa","AFRO","West and Central Africa",2021,12,0,12,0,0,0.47
"Canada","No","Americas","PAHO","North Americas",2000,5,3,2,0,0,0.08
"Canada","No","Americas","PAHO","North Americas",2001,6,0,6,0,0,0
"Canada","No","Americas","PAHO","North Americas",2002,4,0,4,0,0,0
"Canada","No","Americas","PAHO","North Americas",2003,5,3,2,0,0,0.08
"Canada","No","Americas","PAHO","North Americas",2004,3,0,3,0,0,0
"Canada","No","Americas","PAHO","North Americas",2005,7,0,7,0,0,0
"Canada","No","Americas","PAHO","North Americas",2006,2,0,2,0,0,0
"Canada","No","Americas","PAHO","North Americas",2007,1,0,1,0,0,0
"Canada","No","Americas","PAHO","North Americas",2008,1,0,1,0,0,0
"Canada","No","Americas","PAHO","North Americas",2009,2,0,2,0,0,0
"Canada","No","Americas","PAHO","North Americas",2010,2,1,1,0,0,0.03
"Canada","No","Americas","PAHO","North Americas",2011,9,0,9,0,0,0
"Canada","No","Americas","PAHO","North Americas",2013,1,0,1,0,0,0
"Canada","No","Americas","PAHO","North Americas",2014,2,0,2,0,0,0
"Canada","No","Americas","PAHO","North Americas",2015,3,0,3,0,0,0
"Canada","No","Americas","PAHO","North Americas",2016,1,0,1,0,0,0
"Canada","No","Americas","PAHO","North Americas",2017,4,1,3,0,0,0.03
"Canada","No","Americas","PAHO","North Americas",2020,2,0,2,0,0,0
"Australia","No","Oceania","WPRO","East Asia and Pacific",2021,1,0,1,0,0,0.04
"Central African Rep","No","Africa","AFRO","West and Central Africa",2004,320,320,0,48,15,67.44
"Central African Rep","No","Africa","AFRO","West and Central Africa",2011,117,117,0,15,12.82,24.66
"Central African Rep","No","Africa","AFRO","West and Central Africa",2012,21,21,0,0,0,4.43
"Thailand","Yes","Asia","SEARO","East Asia and Pacific",2021,1,1,0,0,0,0.01
"Chad","Yes","Africa","AFRO","West and Central Africa",2011,17267,17267,0,458,2.65,1082.78
"Chad","Yes","Africa","AFRO","West and Central Africa",2010,6395,6395,0,175,2.74,401.02
"Chad","Yes","Africa","AFRO","West and Central Africa",2004,5531,5531,0,272,4.92,346.84
"Chad","Yes","Africa","AFRO","West and Central Africa",2001,5244,5244,0,226,4.31,328.84
"Chad","Yes","Africa","AFRO","West and Central Africa",2006,1668,1668,0,71,4.26,104.6
"Chad","Yes","Africa","AFRO","West and Central Africa",2017,1266,1266,0,86,6.79,79.39
"Chad","Yes","Africa","AFRO","West and Central Africa",2019,93,93,0,4,4.3,5.83
"Chad","Yes","Africa","AFRO","West and Central Africa",2005,90,90,0,14,15.56,5.64
"Chad","Yes","Africa","AFRO","West and Central Africa",2009,67,67,0,6,8.96,4.2
"Chad","Yes","Africa","AFRO","West and Central Africa",2003,55,55,0,7,12.73,3.45
"Chile","No","Americas","PAHO","Americas and Caribbean",2011,1,0,1,0,0,0
"Chile","No","Americas","PAHO","Americas and Caribbean",2013,2,0,2,0,0,0
"Chile","No","Americas","PAHO","Americas and Caribbean",2014,1,0,1,0,0,0
"China","No","Asia","WPRO","East Asia and Pacific",2000,1846,1846,0,2,0.11,1.32
"China","No","Asia","WPRO","East Asia and Pacific",2001,178,164,14,0,0,0.12
"China","No","Asia","WPRO","East Asia and Pacific",2002,4,2,2,0,0,0
"China","No","Asia","WPRO","East Asia and Pacific",2003,229,229,0,1,0.44,0.16
"China","No","Asia","WPRO","East Asia and Pacific",2004,246,244,2,1,0.41,0.17
"China","No","Asia","WPRO","East Asia and Pacific",2005,980,976,4,4,0.41,0.7
"China","No","Asia","WPRO","East Asia and Pacific",2006,161,161,0,2,1.24,0.12
"China","No","Asia","WPRO","East Asia and Pacific",2007,168,165,3,0,0,0.12
"China","No","Asia","WPRO","East Asia and Pacific",2008,174,171,3,0,0,0.12
"China","No","Asia","WPRO","East Asia and Pacific",2009,85,85,0,0,0,0.06
"China","No","Asia","WPRO","East Asia and Pacific",2010,157,152,5,0,0,0.11
"China","No","Asia","WPRO","East Asia and Pacific",2011,26,25,1,0,0,0.02
"China","No","Asia","WPRO","East Asia and Pacific",2012,77,75,2,0,0,0.05
"China","No","Asia","WPRO","East Asia and Pacific",2013,53,51,2,1,1.89,0.04
"China","No","Asia","WPRO","East Asia and Pacific",2014,24,24,0,0,0,0.02
"China","No","Asia","WPRO","East Asia and Pacific",2015,13,13,0,0,0,0.01
"China","No","Asia","WPRO","East Asia and Pacific",2016,27,27,0,0,0,0.02
"China","No","Asia","WPRO","East Asia and Pacific",2017,14,14,0,0,0,0.01
"China","No","Asia","WPRO","East Asia and Pacific",2019,16,15,1,0,0,0.01
"China","No","Asia","WPRO","East Asia and Pacific",2020,12,12,0,0,0,0.01
"Colombia","No","Americas","PAHO","Americas and Caribbean",2004,2,2,0,0,0,0.04
"Comoros","No","Africa","AFRO","Eastern and Southern Africa",2000,3297,3297,0,91,2.76,3874.78
"Comoros","No","Africa","AFRO","Eastern and Southern Africa",2002,1567,1567,0,46,2.94,1841.61
"Comoros","No","Africa","AFRO","Eastern and Southern Africa",2007,1555,1555,0,29,1.86,1827.51
"Comoros","No","Africa","AFRO","Eastern and Southern Africa",2001,226,226,0,4,1.77,265.61
"Comoros","No","Africa","AFRO","Eastern and Southern Africa",2003,56,56,0,0,0,65.81
"Comoros","No","Africa","AFRO","Eastern and Southern Africa",2008,4,4,0,0,0,4.7
"Comoros","No","Africa","AFRO","Eastern and Southern Africa",2004,1,1,0,0,0,1.18
"Congo","Yes","Africa","AFRO","West and Central Africa",2007,7785,7785,0,133,1.71,1446.89
"Congo","Yes","Africa","AFRO","West and Central Africa",2013,1624,1624,0,221,13.61,301.83
"Congo","Yes","Africa","AFRO","West and Central Africa",2012,1181,1181,0,37,3.13,219.5
"Congo","Yes","Africa","AFRO","West and Central Africa",2011,762,762,0,35,4.59,141.62
"Congo","Yes","Africa","AFRO","West and Central Africa",2006,175,175,0,10,5.71,32.52
"Congo","Yes","Africa","AFRO","West and Central Africa",2008,156,156,0,4,2.56,28.99
"Congo","Yes","Africa","AFRO","West and Central Africa",2009,93,93,0,0,0,17.28
"Congo","Yes","Africa","AFRO","West and Central Africa",2018,60,60,0,3,5,11.15
"Congo","Yes","Africa","AFRO","West and Central Africa",2016,15,15,0,2,13.33,2.79
"Congo","Yes","Africa","AFRO","West and Central Africa",2000,9,9,0,2,22.22,1.67
"Cote d'Ivoire","Yes","Africa","AFRO","West and Central Africa",2001,5912,5912,0,305,5.16,229.89
"Cote d'Ivoire","Yes","Africa","AFRO","West and Central Africa",2002,4188,4188,0,143,3.41,162.85
"Cote d'Ivoire","Yes","Africa","AFRO","West and Central Africa",2011,1261,1261,0,24,1.9,49.03
"Cote d'Ivoire","Yes","Africa","AFRO","West and Central Africa",2003,1034,1034,0,50,4.84,40.21
"Cote d'Ivoire","Yes","Africa","AFRO","West and Central Africa",2012,424,424,0,19,4.48,16.49
"Cote d'Ivoire","Yes","Africa","AFRO","West and Central Africa",2006,414,414,0,15,3.62,16.1
"Cote d'Ivoire","Yes","Africa","AFRO","West and Central Africa",2014,235,235,0,12,5.11,9.14
"Cote d'Ivoire","Yes","Africa","AFRO","West and Central Africa",2015,199,199,0,6,3.02,7.74
"Cote d'Ivoire","Yes","Africa","AFRO","West and Central Africa",2004,105,105,0,9,8.57,4.08
"Cote d'Ivoire","Yes","Africa","AFRO","West and Central Africa",2013,56,56,0,2,3.57,2.18
"Cote d'Ivoire","Yes","Africa","AFRO","West and Central Africa",2005,39,39,0,6,15.38,1.52
"Cote d'Ivoire","Yes","Africa","AFRO","West and Central Africa",2010,32,32,0,0,0,1.24
"Cote d'Ivoire","Yes","Africa","AFRO","West and Central Africa",2007,8,8,0,1,12.5,0.31
"Cote d'Ivoire","Yes","Africa","AFRO","West and Central Africa",2008,7,7,0,1,14.29,0.27
"Cote d'Ivoire","Yes","Africa","AFRO","West and Central Africa",2009,5,5,0,2,40,0.19
"Cuba","No","Americas","PAHO","Americas and Caribbean",2012,417,417,0,3,0.72,36.8
"Cuba","No","Americas","PAHO","Americas and Caribbean",2013,181,181,0,0,0,15.98
"Cuba","No","Americas","PAHO","Americas and Caribbean",2014,76,76,0,0,0,6.71
"Cuba","No","Americas","PAHO","Americas and Caribbean",2015,65,65,0,0,0,5.74
"Czech Republic","No","Europe","EURO","Western Europe",2002,2,0,2,0,0,0
"Dem Rep Congo","Yes","Africa","AFRO","West and Central Africa",2017,56190,56190,0,1190,2.12,647.42
"Dem Rep Congo","Yes","Africa","AFRO","West and Central Africa",2012,33661,33661,0,819,2.43,387.84
"Dem Rep Congo","Yes","Africa","AFRO","West and Central Africa",2002,31658,31658,0,1979,6.25,364.76
"Dem Rep Congo","Yes","Africa","AFRO","West and Central Africa",2018,30768,30768,0,972,3.16,354.51
"Dem Rep Congo","Yes","Africa","AFRO","West and Central Africa",2019,30304,30304,0,514,1.7,349.16
"Dem Rep Congo","Yes","Africa","AFRO","West and Central Africa",2008,30150,30150,0,548,1.82,347.39
"Dem Rep Congo","Yes","Africa","AFRO","West and Central Africa",2007,28269,28269,0,600,2.12,325.72
"Dem Rep Congo","Yes","Africa","AFRO","West and Central Africa",2016,28093,28093,0,759,2.7,323.69
"Dem Rep Congo","Yes","Africa","AFRO","West and Central Africa",2003,27272,27272,0,989,3.63,314.23
"Dem Rep Congo","Yes","Africa","AFRO","West and Central Africa",2013,26944,26944,0,491,1.82,310.45
"Dem Rep Congo","Yes","Africa","AFRO","West and Central Africa",2009,22899,22899,0,237,1.03,263.84
"Dem Rep Congo","Yes","Africa","AFRO","West and Central Africa",2014,22203,22203,0,372,1.68,255.82
"Dem Rep Congo","Yes","Africa","AFRO","West and Central Africa",2011,21700,21700,0,584,2.69,250.03
"Dem Rep Congo","Yes","Africa","AFRO","West and Central Africa",2006,20642,20642,0,426,2.06,237.84
"Dem Rep Congo","Yes","Africa","AFRO","West and Central Africa",2015,19182,19182,0,276,1.44,221.01
"Dem Rep Congo","Yes","Africa","AFRO","West and Central Africa",2000,14995,14995,0,941,6.28,172.77
"Dem Rep Congo","Yes","Africa","AFRO","West and Central Africa",2010,13884,13884,0,182,1.31,159.97
"Dem Rep Congo","Yes","Africa","AFRO","West and Central Africa",2005,13430,13430,0,244,1.82,154.74
"Dem Rep Congo","Yes","Africa","AFRO","West and Central Africa",2004,7665,7665,0,228,2.97,88.32
"Dem Rep Congo","Yes","Africa","AFRO","West and Central Africa",2001,5728,5728,0,195,3.4,66
"Dem Rep Congo","Yes","Africa","AFRO","West and Central Africa",2020,19789,19789,0,354,1.79,228.01
"Denmark","No","Europe","EURO","Western Europe",2004,1,0,1,0,0,0
"Denmark","No","Europe","EURO","Western Europe",2008,1,0,1,0,0,0
"Denmark","No","Europe","EURO","Western Europe",2016,1,0,1,0,0,0
"Djibouti","Yes","Africa","EMRO","Middle East and North Africa",2010,2047,2047,0,19,0.93,2102.59
"Djibouti","Yes","Africa","EMRO","Middle East and North Africa",2000,1828,1828,0,32,1.75,1877.64
"Djibouti","Yes","Africa","EMRO","Middle East and North Africa",2007,372,372,0,25,6.72,382.1
"Djibouti","Yes","Africa","EMRO","Middle East and North Africa",2011,127,127,0,1,0.79,130.45
"Djibouti","Yes","Africa","EMRO","Middle East and North Africa",2006,123,123,0,11,8.94,126.34
"Dominican Republic","Yes","Americas","PAHO","Americas and Caribbean",2010,191,191,0,0,0,17.79
"Dominican Republic","Yes","Americas","PAHO","Americas and Caribbean",2011,20851,20806,45,336,1.61,1937.43
"Dominican Republic","Yes","Americas","PAHO","Americas and Caribbean",2012,7919,7919,0,68,0.86,737.41
"Dominican Republic","Yes","Americas","PAHO","Americas and Caribbean",2013,1954,1954,0,42,2.15,181.95
"Dominican Republic","Yes","Americas","PAHO","Americas and Caribbean",2014,603,603,0,11,1.82,56.15
"Dominican Republic","Yes","Americas","PAHO","Americas and Caribbean",2015,546,546,0,15,2.75,50.84
"Dominican Republic","Yes","Americas","PAHO","Americas and Caribbean",2016,1159,1158,1,27,2.33,107.83
"Dominican Republic","Yes","Americas","PAHO","Americas and Caribbean",2017,122,122,0,4,3.28,11.36
"Dominican Republic","Yes","Americas","PAHO","Americas and Caribbean",2018,118,118,0,1,0.85,10.99
"Dominican Republic","Yes","Americas","PAHO","Americas and Caribbean",2019,13,13,0,0,0,1.21
"Ecuador","No","Americas","PAHO","Americas and Caribbean",2000,27,27,0,1,3.7,1.53
"Ecuador","No","Americas","PAHO","Americas and Caribbean",2001,9,9,0,0,0,0.51
"Ecuador","No","Americas","PAHO","Americas and Caribbean",2003,25,25,0,0,0,1.42
"Ecuador","No","Americas","PAHO","Americas and Caribbean",2004,5,5,0,0,0,0.28
"El Salvador","No","Americas","PAHO","Americas and Caribbean",2000,631,630,1,2,0.32,97.13
"Equatorial Guinea","No","Africa","AFRO","West and Central Africa",2005,6391,6391,0,33,0.52,4713.18
"Equatorial Guinea","No","Africa","AFRO","West and Central Africa",2004,59,59,0,1,1.69,43.51
"Eritrea","Yes","Africa","AFRO","Eastern and Southern Africa",2007,119,119,0,9,7.56,37.03
"Eritrea","Yes","Africa","AFRO","Eastern and Southern Africa",2008,1,1,0,0,0,0.31
"Eswatini","No","Africa","AFRO","Eastern and Southern Africa",2001,5612,5612,0,107,1.91,4887.95
"Eswatini","No","Africa","AFRO","Eastern and Southern Africa",2004,1075,1075,0,16,1.49,936.31
"Eswatini","No","Africa","AFRO","Eastern and Southern Africa",2000,141,141,0,16,11.35,122.81
"Eswatini","No","Africa","AFRO","Eastern and Southern Africa",2002,134,134,0,2,1.49,116.71
"Eswatini","No","Africa","AFRO","Eastern and Southern Africa",2005,64,64,0,0,0,55.74
"Eswatini","No","Africa","AFRO","Eastern and Southern Africa",2003,32,32,0,13,40.63,27.87
"Eswatini","No","Africa","AFRO","Eastern and Southern Africa",2009,19,19,0,0,0,16.55
"Eswatini","No","Africa","AFRO","Eastern and Southern Africa",2006,18,18,0,0,0,15.68
"Eswatini","No","Africa","AFRO","Eastern and Southern Africa",2008,1,1,0,0,0,0.87
"Ethiopia","Yes","Africa","AFRO","Eastern and Southern Africa",2004,16,16,0,0,0,0.14
"Ethiopia","Yes","Africa","AFRO","Eastern and Southern Africa",2006,54070,54070,0,575,1.06,482.43
"Ethiopia","Yes","Africa","AFRO","Eastern and Southern Africa",2007,24121,24121,0,272,1.13,215.21
"Ethiopia","Yes","Africa","AFRO","Eastern and Southern Africa",2008,3862,3862,0,23,0.6,34.46
"Ethiopia","Yes","Africa","AFRO","Eastern and Southern Africa",2009,31509,31509,0,434,1.38,281.13
"Ethiopia","Yes","Africa","AFRO","Eastern and Southern Africa",2010,1682,1682,0,21,1.25,15.01
"Ethiopia","Yes","Africa","AFRO","Eastern and Southern Africa",2019,2615,2615,0,36,1.38,23.33
"Ethiopia","Yes","Africa","AFRO","Eastern and Southern Africa",2020,12226,12226,0,176,1.44,109.08
"Finland","No","Europe","EURO","Western Europe",2005,1,0,1,0,0,0
"Finland","No","Europe","EURO","Western Europe",2008,1,0,1,0,0,0
"China","No","Asia","WPRO","East Asia and Pacific",2021,5,5,0,0,0,0
"France","No","Europe","EURO","Western Europe",2000,6,0,6,0,0,0
"France","No","Europe","EURO","Western Europe",2001,8,0,8,0,0,0
"France","No","Europe","EURO","Western Europe",2002,1,0,1,0,0,0
"France","No","Europe","EURO","Western Europe",2006,2,0,2,0,0,0
"France","No","Europe","EURO","Western Europe",2007,4,0,4,0,0,0
"France","No","Europe","EURO","Western Europe",2008,2,0,2,0,0,0
"France","No","Europe","EURO","Western Europe",2009,1,0,1,0,0,0
"France","No","Europe","EURO","Western Europe",2010,6,6,0,0,0,0.09
"France","No","Europe","EURO","Western Europe",2011,1,0,1,0,0,0
"France","No","Europe","EURO","Western Europe",2014,1,0,1,0,0,0
"France","No","Europe","EURO","Western Europe",2015,1,0,1,0,0,0
"Gabon","No","Africa","AFRO","West and Central Africa",2003,629,629,0,0,0,289.52
"Gabon","No","Africa","AFRO","West and Central Africa",2002,6,6,0,0,0,2.76
"Gabon","No","Africa","AFRO","West and Central Africa",2008,2,2,0,0,0,0.92
"Gambia","No","Africa","AFRO","West and Central Africa",2005,214,214,0,13,6.07,91.15
"Gambia","No","Africa","AFRO","West and Central Africa",2007,12,12,0,1,8.33,5.11
"Gambia","No","Africa","AFRO","West and Central Africa",2008,1,1,0,0,0,0.43
"Germany","No","Europe","EURO","Western Europe",2000,2,0,2,0,0,0
"Germany","No","Europe","EURO","Western Europe",2001,1,0,1,0,0,0
"Germany","No","Europe","EURO","Western Europe",2002,1,0,1,0,0,0
"Germany","No","Europe","EURO","Western Europe",2003,1,0,1,0,0,0
"Germany","No","Europe","EURO","Western Europe",2004,3,0,3,0,0,0
"Germany","No","Europe","EURO","Western Europe",2006,1,0,1,0,0,0
"Germany","No","Europe","EURO","Western Europe",2007,2,0,2,0,0,0
"Germany","No","Europe","EURO","Western Europe",2010,4,0,4,1,25,0
"Germany","No","Europe","EURO","Western Europe",2011,4,0,4,0,0,0
"Germany","No","Europe","EURO","Western Europe",2014,1,0,1,0,0,0
"Germany","No","Europe","EURO","Western Europe",2016,1,0,1,0,0,0
"Ghana","Yes","Africa","AFRO","West and Central Africa",2014,28944,28944,0,243,0.84,951.55
"Ghana","Yes","Africa","AFRO","West and Central Africa",2011,10628,10628,0,105,0.99,349.4
"Ghana","Yes","Africa","AFRO","West and Central Africa",2012,9548,9548,0,100,1.05,313.89
"Ghana","Yes","Africa","AFRO","West and Central Africa",2001,5487,5487,0,160,2.92,180.39
"Ghana","Yes","Africa","AFRO","West and Central Africa",2002,3614,3614,0,65,1.8,118.81
"Ghana","Yes","Africa","AFRO","West and Central Africa",2006,3357,3357,0,107,3.19,110.36
"Ghana","Yes","Africa","AFRO","West and Central Africa",2000,3331,3331,0,74,2.22,109.51
"Ghana","Yes","Africa","AFRO","West and Central Africa",2005,3166,3166,0,51,1.61,104.08
"Ghana","Yes","Africa","AFRO","West and Central Africa",2009,1294,1294,0,9,0.7,42.54
"Ghana","Yes","Africa","AFRO","West and Central Africa",2008,1223,1223,0,25,2.04,40.21
"Ghana","Yes","Africa","AFRO","West and Central Africa",2015,692,692,0,8,1.16,22.75
"Ghana","Yes","Africa","AFRO","West and Central Africa",2010,438,438,0,3,0.68,14.4
"Ghana","Yes","Africa","AFRO","West and Central Africa",2004,407,407,0,6,1.47,13.38
"Ghana","Yes","Africa","AFRO","West and Central Africa",2003,204,204,0,4,1.96,6.71
"Ghana","Yes","Africa","AFRO","West and Central Africa",2007,179,179,0,18,10.06,5.88
"Ghana","Yes","Africa","AFRO","West and Central Africa",2016,175,175,0,0,0,5.75
"Ghana","Yes","Africa","AFRO","West and Central Africa",2013,50,50,0,0,0,1.64
"Ghana","Yes","Africa","AFRO","West and Central Africa",2019,1,1,0,0,0,0.03
"Guam","No","Asia","WPRO","East Asia and Pacific",2000,4,3,1,0,0,17.77
"Guam","No","Asia","WPRO","East Asia and Pacific",2002,1,0,1,0,0,0
"Guatemala","No","Americas","PAHO","Americas and Caribbean",2000,612,612,0,6,0.98,36.3
"Guatemala","No","Americas","PAHO","Americas and Caribbean",2001,13,13,0,0,0,0.77
"Guatemala","No","Americas","PAHO","Americas and Caribbean",2002,1,1,0,0,0,0.06
"Guatemala","No","Americas","PAHO","Americas and Caribbean",2003,1,1,0,0,0,0.06
"Guinea","Yes","Africa","AFRO","West and Central Africa",2007,8546,8546,0,311,3.64,669.16
"Guinea","Yes","Africa","AFRO","West and Central Africa",2012,7350,7350,0,133,1.81,575.51
"Guinea","Yes","Africa","AFRO","West and Central Africa",2005,3821,3821,0,107,2.8,299.19
"Guinea","Yes","Africa","AFRO","West and Central Africa",2006,3242,3242,0,219,6.76,253.85
"Guinea","Yes","Africa","AFRO","West and Central Africa",2004,1516,1516,0,117,7.72,118.7
"Guinea","Yes","Africa","AFRO","West and Central Africa",2000,517,517,0,36,6.96,40.48
"Guinea","Yes","Africa","AFRO","West and Central Africa",2008,513,513,0,32,6.24,40.17
"Guinea","Yes","Africa","AFRO","West and Central Africa",2001,392,392,0,22,5.61,30.69
"Guinea","Yes","Africa","AFRO","West and Central Africa",2013,319,319,0,32,10.03,24.98
"Guinea","Yes","Africa","AFRO","West and Central Africa",2002,61,61,0,11,18.03,4.78
"Guinea","Yes","Africa","AFRO","West and Central Africa",2009,42,42,0,0,0,3.29
"Guinea","Yes","Africa","AFRO","West and Central Africa",2003,6,6,0,1,16.67,0.47
"Guinea","Yes","Africa","AFRO","West and Central Africa",2011,3,3,0,0,0,0.23
"Guinea","Yes","Africa","AFRO","West and Central Africa",2014,1,1,0,0,0,0.08
"Guinea-Bissau","Yes","Africa","AFRO","West and Central Africa",2005,25111,25111,0,399,1.59,13072.37
"Guinea-Bissau","Yes","Africa","AFRO","West and Central Africa",2008,14323,14323,0,225,1.57,7456.32
"Guinea-Bissau","Yes","Africa","AFRO","West and Central Africa",2012,3068,3068,0,22,0.72,1597.15
"Guinea-Bissau","Yes","Africa","AFRO","West and Central Africa",2013,969,969,0,28,2.89,504.45
"Guinea-Bissau","Yes","Africa","AFRO","West and Central Africa",2002,842,842,0,6,0.71,438.33
"Guinea-Bissau","Yes","Africa","AFRO","West and Central Africa",2003,290,290,0,2,0.69,150.97
"Guinea-Bissau","Yes","Africa","AFRO","West and Central Africa",2004,155,155,0,3,1.94,80.69
"Guinea-Bissau","Yes","Africa","AFRO","West and Central Africa",2007,153,153,0,8,5.23,79.65
"Guinea-Bissau","Yes","Africa","AFRO","West and Central Africa",2006,37,37,0,0,0,19.26
"Guinea-Bissau","Yes","Africa","AFRO","West and Central Africa",2014,11,11,0,2,18.18,5.73
"Guinea-Bissau","Yes","Africa","AFRO","West and Central Africa",2009,5,5,0,0,0,2.6
"Haiti","Yes","Americas","PAHO","Americas and Caribbean",2010,179379,179379,0,3990,2.22,15926.29
"Haiti","Yes","Americas","PAHO","Americas and Caribbean",2011,340311,340311,0,2869,0.84,30214.75
"Haiti","Yes","Americas","PAHO","Americas and Caribbean",2012,112076,112076,0,894,0.8,9950.74
"Haiti","Yes","Americas","PAHO","Americas and Caribbean",2013,58809,58809,0,593,1.01,5221.4
"Haiti","Yes","Americas","PAHO","Americas and Caribbean",2014,27753,27753,0,296,1.07,2464.07
"Haiti","Yes","Americas","PAHO","Americas and Caribbean",2015,36045,36045,0,322,0.89,3200.28
"Haiti","Yes","Americas","PAHO","Americas and Caribbean",2016,41421,41421,0,447,1.08,3677.59
"Haiti","Yes","Americas","PAHO","Americas and Caribbean",2017,13681,13681,0,159,1.16,1214.68
"Haiti","Yes","Americas","PAHO","Americas and Caribbean",2018,3777,3777,0,41,1.09,335.34
"Haiti","Yes","Americas","PAHO","Americas and Caribbean",2019,720,720,0,3,0.42,63.93
"United Arab Emirates","No","Asia","EMRO","Middle East and North Africa",2021,153,0,153,0,0,15.66
"Honduras","No","Americas","PAHO","Americas and Caribbean",2000,15,15,0,3,20,1.51
"Honduras","No","Americas","PAHO","Americas and Caribbean",2001,1,1,0,0,0,0.1
"India","Yes","Asia","SEARO","South Asia",2000,3807,3807,0,18,0.47,2.79
"India","Yes","Asia","SEARO","South Asia",2001,4081,4081,0,6,0.15,2.99
"India","Yes","Asia","SEARO","South Asia",2002,3455,3455,0,10,0.29,2.53
"India","Yes","Asia","SEARO","South Asia",2003,2893,2893,0,2,0.07,2.12
"India","Yes","Asia","SEARO","South Asia",2004,4695,4695,0,7,0.15,3.44
"India","Yes","Asia","SEARO","South Asia",2005,3155,3155,0,6,0.19,2.31
"India","Yes","Asia","SEARO","South Asia",2006,1939,1939,0,3,0.15,1.42
"India","Yes","Asia","SEARO","South Asia",2007,2635,2635,0,3,0.11,1.93
"India","Yes","Asia","SEARO","South Asia",2008,2680,2680,0,1,0.04,1.96
"India","Yes","Asia","SEARO","South Asia",2010,5155,5155,0,9,0.17,3.77
"India","Yes","Asia","SEARO","South Asia",2013,6008,6008,0,54,0.9,4.4
"India","Yes","Asia","SEARO","South Asia",2014,4031,4031,0,21,0.52,2.95
"India","Yes","Asia","SEARO","South Asia",2015,889,889,0,4,0.45,0.65
"India","Yes","Asia","SEARO","South Asia",2016,841,841,0,3,0.36,0.62
"India","Yes","Asia","SEARO","South Asia",2017,385,385,0,3,0.78,0.28
"India","Yes","Asia","SEARO","South Asia",2018,697,697,0,0,0,0.51
"India","Yes","Asia","SEARO","South Asia",2020,70,70,0,0,0,0.05
"Indonesia","No","Asia","SEARO","East Asia and Pacific",2005,1338,1338,0,19,1.42,4.94
"Indonesia","No","Asia","SEARO","East Asia and Pacific",2008,1007,1007,0,27,2.68,3.72
"Iran","Yes","Asia","EMRO","Middle East and North Africa",2000,345,345,0,3,0.87,4.16
"Iran","Yes","Asia","EMRO","Middle East and North Africa",2001,105,105,0,1,0.95,1.27
"Iran","Yes","Asia","EMRO","Middle East and North Africa",2002,118,118,0,0,0,1.42
"Iran","Yes","Asia","EMRO","Middle East and North Africa",2003,96,92,4,0,0,1.11
"Iran","Yes","Asia","EMRO","Middle East and North Africa",2004,94,94,0,1,1.06,1.13
"Iran","Yes","Asia","EMRO","Middle East and North Africa",2005,1133,1133,0,11,0.97,13.66
"Iran","Yes","Asia","EMRO","Middle East and North Africa",2007,19,0,19,0,0,0
"Iran","Yes","Asia","EMRO","Middle East and North Africa",2008,72,72,0,4,5.56,0.87
"Iran","Yes","Asia","EMRO","Middle East and North Africa",2011,1187,1187,0,12,1.01,14.32
"Iran","Yes","Asia","EMRO","Middle East and North Africa",2012,53,53,0,0,0,0.64
"Iran","Yes","Asia","EMRO","Middle East and North Africa",2013,256,45,211,7,2.73,0.54
"Iran","Yes","Asia","EMRO","Middle East and North Africa",2015,86,50,36,1,1.16,0.6
"Iran","Yes","Asia","EMRO","Middle East and North Africa",2016,5,5,0,0,0,0.06
"Iran","Yes","Asia","EMRO","Middle East and North Africa",2017,634,9,625,4,0.63,0.11
"Iran","Yes","Asia","EMRO","Middle East and North Africa",2018,7,6,1,0,0,0.07
"Iran","Yes","Asia","EMRO","Middle East and North Africa",2019,2,2,0,0,0,0.02
"Iran","Yes","Asia","EMRO","Middle East and North Africa",2020,1,1,0,0,0,0.01
"Iraq","Yes","Asia","EMRO","Middle East and North Africa",2000,532,532,0,4,0.75,13.53
"Iraq","Yes","Asia","EMRO","Middle East and North Africa",2002,718,718,0,0,0,18.27
"Iraq","Yes","Asia","EMRO","Middle East and North Africa",2003,187,187,0,0,0,4.76
"Iraq","Yes","Asia","EMRO","Middle East and North Africa",2004,35,35,0,0,0,0.89
"Iraq","Yes","Asia","EMRO","Middle East and North Africa",2007,4696,4696,0,24,0.51,119.46
"Iraq","Yes","Asia","EMRO","Middle East and North Africa",2008,925,925,0,11,1.19,23.53
"Iraq","Yes","Asia","EMRO","Middle East and North Africa",2009,6,6,0,0,0,0.15
"Iraq","Yes","Asia","EMRO","Middle East and North Africa",2010,2,2,0,0,0,0.05
"Iraq","Yes","Asia","EMRO","Middle East and North Africa",2012,4693,4693,0,4,0.09,119.39
"Iraq","Yes","Asia","EMRO","Middle East and North Africa",2013,1,1,0,0,0,0.03
"Iraq","Yes","Asia","EMRO","Middle East and North Africa",2015,4965,4965,0,2,0.04,126.3
"Iraq","Yes","Asia","EMRO","Middle East and North Africa",2016,3,3,0,0,0,0.08
"Iraq","Yes","Asia","EMRO","Middle East and North Africa",2018,3,3,0,0,0,0.08
"Iraq","Yes","Asia","EMRO","Middle East and North Africa",2020,9,9,0,0,0,0.23
"Ireland","No","Europe","EURO","Western Europe",2001,1,0,1,0,0,0
"Israel","No","Asia","EURO","Middle East and North Africa",2013,1,0,1,0,0,0
"Italy","No","Europe","EURO","Western Europe",2006,1,0,1,0,0,0
"Italy","No","Europe","EURO","Western Europe",2007,1,0,1,0,0,0
"Italy","No","Europe","EURO","Western Europe",2013,1,0,1,0,0,0
"Japan","No","Asia","WPRO","East Asia and Pacific",2000,34,32,2,0,0,0.25
"Japan","No","Asia","WPRO","East Asia and Pacific",2001,30,8,22,0,0,0.06
"Japan","No","Asia","WPRO","East Asia and Pacific",2002,27,15,12,0,0,0.12
"Japan","No","Asia","WPRO","East Asia and Pacific",2003,16,2,14,0,0,0.02
"Japan","No","Asia","WPRO","East Asia and Pacific",2004,66,11,55,0,0,0.09
"Japan","No","Asia","WPRO","East Asia and Pacific",2005,43,10,33,0,0,0.08
"Japan","No","Asia","WPRO","East Asia and Pacific",2006,34,6,28,0,0,0.05
"Japan","No","Asia","WPRO","East Asia and Pacific",2011,12,1,11,0,0,0.01
"Japan","No","Asia","WPRO","East Asia and Pacific",2012,3,0,3,0,0,0
"Japan","No","Asia","WPRO","East Asia and Pacific",2013,8,5,3,0,0,0.04
"Japan","No","Asia","WPRO","East Asia and Pacific",2014,5,0,5,0,0,0
"Japan","No","Asia","WPRO","East Asia and Pacific",2015,7,0,7,0,0,0
"Japan","No","Asia","WPRO","East Asia and Pacific",2016,10,0,10,0,0,0
"Japan","No","Asia","WPRO","East Asia and Pacific",2017,7,2,5,0,0,0.02
"Japan","No","Asia","WPRO","East Asia and Pacific",2018,4,3,1,0,0,0.02
"Japan","No","Asia","WPRO","East Asia and Pacific",2019,5,0,5,0,0,0
"Japan","No","Asia","WPRO","East Asia and Pacific",2020,1,1,0,0,0,0.01
"Kazakhstan","No","Asia","EURO","Central, Eastern Europe",2001,1,0,1,0,0,0
"Kazakhstan","No","Asia","EURO","Central, Eastern Europe",2008,1,0,1,0,0,0
"Kenya","Yes","Africa","AFRO","Eastern and Southern Africa",2015,13291,13291,0,67,0.5,252.81
"Kenya","Yes","Africa","AFRO","Eastern and Southern Africa",2009,11425,11425,0,264,2.31,217.31
"Kenya","Yes","Africa","AFRO","Eastern and Southern Africa",2016,5866,5866,0,80,1.36,111.58
"Kenya","Yes","Africa","AFRO","Eastern and Southern Africa",2018,5719,5719,0,78,1.36,108.78
"Kenya","Yes","Africa","AFRO","Eastern and Southern Africa",2019,5208,5208,0,141,2.71,99.06
"Kenya","Yes","Africa","AFRO","Eastern and Southern Africa",2017,4288,4288,0,82,1.91,81.56
"Kenya","Yes","Africa","AFRO","Eastern and Southern Africa",2010,3188,3188,0,63,1.98,60.64
"Kenya","Yes","Africa","AFRO","Eastern and Southern Africa",2008,3091,3091,0,113,3.66,58.79
"Kenya","Yes","Africa","AFRO","Eastern and Southern Africa",2007,1206,1206,0,67,5.56,22.94
"Kenya","Yes","Africa","AFRO","Eastern and Southern Africa",2000,1157,1157,0,78,6.74,22.01
"Kenya","Yes","Africa","AFRO","Eastern and Southern Africa",2001,1001,1001,0,55,5.49,19.04
"Kenya","Yes","Africa","AFRO","Eastern and Southern Africa",2004,870,870,0,15,1.72,16.55
"Kenya","Yes","Africa","AFRO","Eastern and Southern Africa",2006,870,870,0,11,1.26,16.55
"Kenya","Yes","Africa","AFRO","Eastern and Southern Africa",2005,816,816,0,21,2.57,15.52
"Kenya","Yes","Africa","AFRO","Eastern and Southern Africa",2002,291,291,0,10,3.44,5.54
"Kenya","Yes","Africa","AFRO","Eastern and Southern Africa",2011,74,74,0,2,2.7,1.41
"Kenya","Yes","Africa","AFRO","Eastern and Southern Africa",2014,35,35,0,9,25.71,0.67
"Kenya","Yes","Africa","AFRO","Eastern and Southern Africa",2020,447,447,0,12,2.68,8.5
"Korea (Rep of)","No","Asia","WPRO","East Asia and Pacific",2001,138,137,1,0,0,2.65
"Korea (Rep of)","No","Asia","WPRO","East Asia and Pacific",2004,10,0,10,0,0,0
"Korea (Rep of)","No","Asia","WPRO","East Asia and Pacific",2010,1,0,1,0,0,0
"Korea (Rep of)","No","Asia","WPRO","East Asia and Pacific",2011,3,3,0,0,0,0.06
"Korea (Rep of)","No","Asia","WPRO","East Asia and Pacific",2013,3,0,3,0,0,0
"Korea (Rep of)","No","Asia","WPRO","East Asia and Pacific",2016,4,3,1,0,0,0.06
"Korea (Rep of)","No","Asia","WPRO","East Asia and Pacific",2017,5,0,5,0,0,0
"Korea (Rep of)","No","Asia","WPRO","East Asia and Pacific",2018,2,0,2,0,0,0
"Korea (Rep of)","No","Asia","WPRO","East Asia and Pacific",2019,1,0,1,0,0,0
"Kuwait","No","Asia","EMRO","Middle East and North Africa",2015,5,0,5,0,0,0
"Laos","No","Asia","WPRO","East Asia and Pacific",2007,169,169,0,3,1.78,23.23
"Laos","No","Asia","WPRO","East Asia and Pacific",2008,201,201,0,0,0,27.63
"Laos","No","Asia","WPRO","East Asia and Pacific",2010,237,237,0,4,1.69,32.57
"Lebanon","No","Asia","EMRO","Middle East and North Africa",2005,1,0,1,0,0,0
"Liberia","Yes","Africa","AFRO","West and Central Africa",2003,34740,34740,0,38,0.11,7036.13
"Liberia","Yes","Africa","AFRO","West and Central Africa",2006,4929,4929,0,17,0.34,998.3
"Liberia","Yes","Africa","AFRO","West and Central Africa",2005,3823,3823,0,18,0.47,774.3
"Liberia","Yes","Africa","AFRO","West and Central Africa",2007,3063,3063,0,7,0.23,620.37
"Liberia","Yes","Africa","AFRO","West and Central Africa",2004,2786,2786,0,4,0.14,564.27
"Liberia","Yes","Africa","AFRO","West and Central Africa",2010,1546,1546,0,0,0,313.12
"Liberia","Yes","Africa","AFRO","West and Central Africa",2008,1236,1236,0,3,0.24,250.34
"Liberia","Yes","Africa","AFRO","West and Central Africa",2011,1146,1146,0,0,0,232.11
"Liberia","Yes","Africa","AFRO","West and Central Africa",2002,1115,1115,0,0,0,225.83
"Liberia","Yes","Africa","AFRO","West and Central Africa",2009,1070,1070,0,2,0.19,216.71
"Liberia","Yes","Africa","AFRO","West and Central Africa",2001,1062,1062,0,0,0,215.09
"Liberia","Yes","Africa","AFRO","West and Central Africa",2000,365,365,0,10,2.74,73.93
"Liberia","Yes","Africa","AFRO","West and Central Africa",2012,219,219,0,0,0,44.36
"Liberia","Yes","Africa","AFRO","West and Central Africa",2013,92,92,0,0,0,18.63
"Liberia","Yes","Africa","AFRO","West and Central Africa",2014,44,44,0,0,0,8.91
"Liberia","Yes","Africa","AFRO","West and Central Africa",2018,2,2,0,0,0,0.41
"Bahrain","No","Asia","EMRO","Middle East and North Africa",2021,2,0,2,0,0,1.22
"Oman","No","Asia","EMRO","Middle East and North Africa",2021,5,0,5,0,0,1.01
"Madagascar","No","Africa","AFRO","Eastern and Southern Africa",2000,29083,29083,0,1693,5.82,1078.37
"Madagascar","No","Africa","AFRO","Eastern and Southern Africa",2001,7219,7219,0,413,5.72,267.67
"Madagascar","No","Africa","AFRO","Eastern and Southern Africa",2002,27,27,0,0,0,1
"Madagascar","No","Africa","AFRO","Eastern and Southern Africa",2003,5,5,0,0,0,0.19
"Malawi","Yes","Africa","AFRO","Eastern and Southern Africa",2002,32618,32618,0,911,2.79,1750.95
"Malawi","Yes","Africa","AFRO","Eastern and Southern Africa",2009,5751,5751,0,125,2.17,308.72
"Malawi","Yes","Africa","AFRO","Eastern and Southern Africa",2006,4148,4148,0,55,1.33,222.67
"Malawi","Yes","Africa","AFRO","Eastern and Southern Africa",2003,2736,2736,0,34,1.24,146.87
"Malawi","Yes","Africa","AFRO","Eastern and Southern Africa",2001,2395,2395,0,42,1.75,128.56
"Malawi","Yes","Africa","AFRO","Eastern and Southern Africa",2000,2391,2391,0,56,2.34,128.35
"Malawi","Yes","Africa","AFRO","Eastern and Southern Africa",2016,1792,1792,0,46,2.57,96.2
"Malawi","Yes","Africa","AFRO","Eastern and Southern Africa",2010,1155,1155,0,17,1.47,62
"Malawi","Yes","Africa","AFRO","Eastern and Southern Africa",2005,1105,1105,0,11,1,59.32
"Malawi","Yes","Africa","AFRO","Eastern and Southern Africa",2008,831,831,0,26,3.13,44.61
"Malawi","Yes","Africa","AFRO","Eastern and Southern Africa",2018,812,812,0,27,3.33,43.59
"Malawi","Yes","Africa","AFRO","Eastern and Southern Africa",2015,693,693,0,11,1.59,37.2
"Malawi","Yes","Africa","AFRO","Eastern and Southern Africa",2004,675,675,0,4,0.59,36.23
"Malawi","Yes","Africa","AFRO","Eastern and Southern Africa",2007,475,475,0,5,1.05,25.5
"Malawi","Yes","Africa","AFRO","Eastern and Southern Africa",2017,344,344,0,5,1.45,18.47
"Malawi","Yes","Africa","AFRO","Eastern and Southern Africa",2012,187,187,0,2,1.07,10.04
"Malawi","Yes","Africa","AFRO","Eastern and Southern Africa",2011,120,120,0,4,3.33,6.44
"Malawi","Yes","Africa","AFRO","Eastern and Southern Africa",2019,23,23,0,0,0,1.23
"Malawi","Yes","Africa","AFRO","Eastern and Southern Africa",2020,3,3,0,0,0,0.16
"Malaysia","Yes","Asia","WPRO","East Asia and Pacific",2000,124,124,0,1,0.81,3.88
"Malaysia","Yes","Asia","WPRO","East Asia and Pacific",2001,557,557,0,11,1.97,17.43
"Malaysia","Yes","Asia","WPRO","East Asia and Pacific",2004,16,16,0,0,0,0.5
"Malaysia","Yes","Asia","WPRO","East Asia and Pacific",2006,237,237,0,2,0.84,7.42
"Malaysia","Yes","Asia","WPRO","East Asia and Pacific",2009,187,187,0,1,0.53,5.85
"Malaysia","Yes","Asia","WPRO","East Asia and Pacific",2010,443,216,227,6,1.35,6.76
"Malaysia","Yes","Asia","WPRO","East Asia and Pacific",2011,586,469,117,10,1.71,14.68
"Malaysia","Yes","Asia","WPRO","East Asia and Pacific",2012,282,201,81,1,0.35,6.29
"Malaysia","Yes","Asia","WPRO","East Asia and Pacific",2013,171,94,77,1,0.58,2.94
"Malaysia","Yes","Asia","WPRO","East Asia and Pacific",2014,134,79,55,1,0.75,2.47
"Malaysia","Yes","Asia","WPRO","East Asia and Pacific",2015,244,244,0,2,0.82,7.64
"Malaysia","Yes","Asia","WPRO","East Asia and Pacific",2017,2,2,0,0,0,0.06
"Malaysia","Yes","Asia","WPRO","East Asia and Pacific",2018,165,164,1,1,0.61,5.13
"Malaysia","Yes","Asia","WPRO","East Asia and Pacific",2019,81,81,0,2,2.47,2.54
"Mali","Yes","Africa","AFRO","West and Central Africa",2001,67,67,0,9,13.43,3.41
"Mali","Yes","Africa","AFRO","West and Central Africa",2002,18,18,0,2,11.11,0.92
"Mali","Yes","Africa","AFRO","West and Central Africa",2003,1455,1455,0,119,8.18,74.02
"Mali","Yes","Africa","AFRO","West and Central Africa",2004,2839,2839,0,205,7.22,144.42
"Mali","Yes","Africa","AFRO","West and Central Africa",2005,1178,1178,0,76,6.45,59.92
"Mali","Yes","Africa","AFRO","West and Central Africa",2006,7,7,0,0,0,0.36
"Mali","Yes","Africa","AFRO","West and Central Africa",2008,153,153,0,5,3.27,7.78
"Mali","Yes","Africa","AFRO","West and Central Africa",2011,2220,2220,0,95,4.28,112.93
"Mali","Yes","Africa","AFRO","West and Central Africa",2012,219,219,0,19,8.68,11.14
"Mali","Yes","Africa","AFRO","West and Central Africa",2013,23,23,0,2,8.7,1.17
"Marshall Islands","No","Oceania","WPRO","East Asia and Pacific",2000,300,300,0,6,2,5102.82
"Mauritania","No","Africa","AFRO","West and Central Africa",2005,4132,4132,0,70,1.69,913.01
"Mauritania","No","Africa","AFRO","West and Central Africa",2002,80,80,0,0,0,17.68
"Mauritania","No","Africa","AFRO","West and Central Africa",2011,46,46,0,3,6.52,10.16
"Mauritania","No","Africa","AFRO","West and Central Africa",2003,34,34,0,8,23.53,7.51
"Mauritania","No","Africa","AFRO","West and Central Africa",2006,25,25,0,0,0,5.52
"Mauritania","No","Africa","AFRO","West and Central Africa",2007,3,3,0,0,0,0.66
"Mexico","No","Americas","PAHO","Americas and Caribbean",2000,5,5,0,0,0,0.04
"Mexico","No","Americas","PAHO","Americas and Caribbean",2001,1,1,0,0,0,0.01
"Mexico","No","Americas","PAHO","Americas and Caribbean",2008,1,1,0,0,0,0.01
"Mexico","No","Americas","PAHO","Americas and Caribbean",2010,1,1,0,0,0,0.01
"Mexico","No","Americas","PAHO","Americas and Caribbean",2011,1,1,0,0,0,0.01
"Mexico","No","Americas","PAHO","Americas and Caribbean",2012,2,2,0,0,0,0.02
"Mexico","No","Americas","PAHO","Americas and Caribbean",2013,187,187,0,1,0.53,1.47
"Mexico","No","Americas","PAHO","Americas and Caribbean",2014,14,14,0,0,0,0.11
"Mexico","No","Americas","PAHO","Americas and Caribbean",2015,1,1,0,0,0,0.01
"Mexico","No","Americas","PAHO","Americas and Caribbean",2018,1,1,0,0,0,0.01
"Micronesia","No","Asia","WPRO","East Asia and Pacific",2000,3452,3452,0,20,0.58,30329.92
"Micronesia","No","Asia","WPRO","East Asia and Pacific",2001,14,14,0,0,0,123.01
"Mozambique","Yes","Africa","AFRO","Eastern and Southern Africa",2000,17647,17647,0,253,1.43,581.14
"Mozambique","Yes","Africa","AFRO","Eastern and Southern Africa",2001,8794,8794,0,102,1.16,289.6
"Mozambique","Yes","Africa","AFRO","Eastern and Southern Africa",2002,24375,24375,0,342,1.4,802.71
"Mozambique","Yes","Africa","AFRO","Eastern and Southern Africa",2003,13758,13758,0,102,0.74,453.07
"Mozambique","Yes","Africa","AFRO","Eastern and Southern Africa",2004,20080,20080,0,110,0.55,661.27
"Mozambique","Yes","Africa","AFRO","Eastern and Southern Africa",2005,2226,2226,0,24,1.08,73.31
"Mozambique","Yes","Africa","AFRO","Eastern and Southern Africa",2006,6306,6306,0,29,0.46,207.67
"Mozambique","Yes","Africa","AFRO","Eastern and Southern Africa",2007,2622,2622,0,22,0.84,86.35
"Mozambique","Yes","Africa","AFRO","Eastern and Southern Africa",2008,9087,9087,0,102,1.12,299.25
"Mozambique","Yes","Africa","AFRO","Eastern and Southern Africa",2009,19679,19679,0,155,0.79,648.06
"Mozambique","Yes","Africa","AFRO","Eastern and Southern Africa",2010,7430,7430,0,117,1.57,244.68
"Mozambique","Yes","Africa","AFRO","Eastern and Southern Africa",2011,1279,1279,0,5,0.39,42.12
"Mozambique","Yes","Africa","AFRO","Eastern and Southern Africa",2012,647,647,0,7,1.08,21.31
"Mozambique","Yes","Africa","AFRO","Eastern and Southern Africa",2013,1869,1869,0,19,1.02,61.55
"Mozambique","Yes","Africa","AFRO","Eastern and Southern Africa",2014,480,480,0,1,0.21,15.81
"Mozambique","Yes","Africa","AFRO","Eastern and Southern Africa",2015,8739,8739,0,64,0.73,287.79
"Mozambique","Yes","Africa","AFRO","Eastern and Southern Africa",2016,883,883,0,2,0.23,29.08
"Mozambique","Yes","Africa","AFRO","Eastern and Southern Africa",2017,5892,5892,0,10,0.17,194.03
"Mozambique","Yes","Africa","AFRO","Eastern and Southern Africa",2018,910,910,0,0,0,29.97
"Mozambique","Yes","Africa","AFRO","Eastern and Southern Africa",2019,7010,7010,0,0,0,230.85
"Mozambique","Yes","Africa","AFRO","Eastern and Southern Africa",2020,3787,3787,0,4,0.11,124.71
"Myanmar","Yes","Asia","SEARO","East Asia and Pacific",2008,45,45,0,1,2.22,0.83
"Myanmar","Yes","Asia","SEARO","East Asia and Pacific",2011,16,16,0,0,0,0.3
"Myanmar","Yes","Asia","SEARO","East Asia and Pacific",2012,174,174,0,0,0,3.22
"Myanmar","Yes","Asia","SEARO","East Asia and Pacific",2013,33,33,0,0,0,0.61
"Myanmar","Yes","Asia","SEARO","East Asia and Pacific",2015,103,103,0,12,11.65,1.91
"Myanmar","Yes","Asia","SEARO","East Asia and Pacific",2016,32,32,0,11,34.38,0.59
"Myanmar","Yes","Asia","SEARO","East Asia and Pacific",2017,1,1,0,0,0,0
"Namibia","Yes","Africa","AFRO","Eastern and Southern Africa",2008,3496,3496,0,38,1.09,1401.47
"Namibia","Yes","Africa","AFRO","Eastern and Southern Africa",2014,485,485,0,13,2.68,194.43
"Namibia","Yes","Africa","AFRO","Eastern and Southern Africa",2006,185,185,0,5,2.7,74.16
"Namibia","Yes","Africa","AFRO","Eastern and Southern Africa",2009,159,159,0,3,1.89,63.74
"Namibia","Yes","Africa","AFRO","Eastern and Southern Africa",2007,14,14,0,0,0,5.61
"Namibia","Yes","Africa","AFRO","Eastern and Southern Africa",2013,3,3,0,0,0,1.2
"Nepal","Yes","Asia","SEARO","South Asia",2007,204,204,0,0,0,7.13
"Nepal","Yes","Asia","SEARO","South Asia",2008,148,148,0,0,0,5.17
"Nepal","Yes","Asia","SEARO","South Asia",2009,109,109,0,0,0,3.81
"Nepal","Yes","Asia","SEARO","South Asia",2010,45,45,0,9,20,1.57
"Nepal","Yes","Asia","SEARO","South Asia",2011,1,1,0,0,0,0.03
"Nepal","Yes","Asia","SEARO","South Asia",2012,34,34,0,0,0,1.19
"Nepal","Yes","Asia","SEARO","South Asia",2013,2,2,0,2,100,0.07
"Nepal","Yes","Asia","SEARO","South Asia",2014,14,14,0,2,14.29,0.49
"Nepal","Yes","Asia","SEARO","South Asia",2015,82,82,0,0,0,2.87
"Nepal","Yes","Asia","SEARO","South Asia",2016,192,192,0,0,0,6.71
"Nepal","Yes","Asia","SEARO","South Asia",2017,7,7,0,0,0,0.24
"Nepal","Yes","Asia","SEARO","South Asia",2018,7,7,0,0,0,0.24
"Nepal","Yes","Asia","SEARO","South Asia",2019,1,1,0,0,0,0.03
"Netherlands","No","Europe","EURO","Western Europe",2002,1,0,1,0,0,0
"Netherlands","No","Europe","EURO","Western Europe",2003,1,0,1,0,0,0
"Netherlands","No","Europe","EURO","Western Europe",2004,1,0,1,0,0,0
"Netherlands","No","Europe","EURO","Western Europe",2005,4,0,4,0,0,0
"Netherlands","No","Europe","EURO","Western Europe",2006,3,0,3,0,0,0
"Netherlands","No","Europe","EURO","Western Europe",2008,5,0,5,0,0,0
"Netherlands","No","Europe","EURO","Western Europe",2016,1,0,1,0,0,0
"Netherlands","No","Europe","EURO","Western Europe",2020,2,0,2,0,0,0
"New Zealand","No","Oceania","WPRO","East Asia and Pacific",2001,1,0,1,0,0,0
"New Zealand","No","Oceania","WPRO","East Asia and Pacific",2005,1,0,1,0,0,0
"New Zealand","No","Oceania","WPRO","East Asia and Pacific",2018,1,0,1,0,0,0
"Nicaragua","No","Americas","PAHO","Americas and Caribbean",2000,12,12,0,1,8.33,1.81
"Niger","Yes","Africa","AFRO","West and Central Africa",2000,211,211,0,38,18.01,9.05
"Niger","Yes","Africa","AFRO","West and Central Africa",2001,194,194,0,16,8.25,8.32
"Niger","Yes","Africa","AFRO","West and Central Africa",2002,236,236,0,12,5.08,10.12
"Niger","Yes","Africa","AFRO","West and Central Africa",2003,292,292,0,11,3.77,12.53
"Niger","Yes","Africa","AFRO","West and Central Africa",2004,2178,2178,0,57,2.62,93.43
"Niger","Yes","Africa","AFRO","West and Central Africa",2005,553,553,0,55,9.95,23.72
"Niger","Yes","Africa","AFRO","West and Central Africa",2006,1232,1232,0,81,6.57,52.85
"Niger","Yes","Africa","AFRO","West and Central Africa",2007,24,24,0,2,8.33,1.03
"Niger","Yes","Africa","AFRO","West and Central Africa",2008,972,972,0,70,7.2,41.7
"Niger","Yes","Africa","AFRO","West and Central Africa",2010,1154,1154,0,66,5.72,49.51
"Niger","Yes","Africa","AFRO","West and Central Africa",2011,2324,2324,0,60,2.58,99.7
"Niger","Yes","Africa","AFRO","West and Central Africa",2012,5824,5824,0,110,1.89,249.84
"Niger","Yes","Africa","AFRO","West and Central Africa",2013,585,585,0,13,2.22,25.1
"Niger","Yes","Africa","AFRO","West and Central Africa",2014,2059,2059,0,80,3.89,88.33
"Niger","Yes","Africa","AFRO","West and Central Africa",2015,51,51,0,4,7.84,2.19
"Niger","Yes","Africa","AFRO","West and Central Africa",2016,38,38,0,6,15.79,1.63
"Niger","Yes","Africa","AFRO","West and Central Africa",2018,3900,3900,0,78,2,167.31
"Nigeria","Yes","Africa","AFRO","West and Central Africa",2020,596,596,0,47,7.89,2.97
"Nigeria","Yes","Africa","AFRO","West and Central Africa",2019,2486,2486,0,43,1.73,12.37
"Nigeria","Yes","Africa","AFRO","West and Central Africa",2018,45037,45037,0,836,1.86,224.11
"Nigeria","Yes","Africa","AFRO","West and Central Africa",2017,12174,12174,0,288,2.37,60.58
"Nigeria","Yes","Africa","AFRO","West and Central Africa",2016,768,768,0,32,4.17,3.82
"Nigeria","Yes","Africa","AFRO","West and Central Africa",2015,5290,5290,0,186,3.52,26.32
"Nigeria","Yes","Africa","AFRO","West and Central Africa",2014,35996,35996,0,755,2.1,179.12
"Nigeria","Yes","Africa","AFRO","West and Central Africa",2013,6600,6600,0,229,3.47,32.84
"Nigeria","Yes","Africa","AFRO","West and Central Africa",2012,597,597,0,18,3.02,2.97
"Nigeria","Yes","Africa","AFRO","West and Central Africa",2011,23377,23377,0,742,3.17,116.32
"Nigeria","Yes","Africa","AFRO","West and Central Africa",2010,44456,44456,0,1712,3.85,221.21
"Nigeria","Yes","Africa","AFRO","West and Central Africa",2009,13691,13691,0,431,3.15,68.13
"Nigeria","Yes","Africa","AFRO","West and Central Africa",2008,5410,5410,0,247,4.57,26.92
"Nigeria","Yes","Africa","AFRO","West and Central Africa",2007,1661,1661,0,48,2.89,8.27
"Nigeria","Yes","Africa","AFRO","West and Central Africa",2006,2028,2028,0,127,6.26,10.09
"Nigeria","Yes","Africa","AFRO","West and Central Africa",2005,4477,4477,0,174,3.89,22.28
"Nigeria","Yes","Africa","AFRO","West and Central Africa",2004,3186,3186,0,185,5.81,15.85
"Nigeria","Yes","Africa","AFRO","West and Central Africa",2003,1933,1933,0,87,4.5,9.62
"Nigeria","Yes","Africa","AFRO","West and Central Africa",2002,5429,5429,0,154,2.84,27.01
"Nigeria","Yes","Africa","AFRO","West and Central Africa",2001,2199,2199,0,104,4.73,10.94
"Nigeria","Yes","Africa","AFRO","West and Central Africa",2000,2799,2799,0,43,1.54,13.93
"Norway","No","Europe","EURO","Western Europe",2005,1,0,1,0,0,0
"Norway","No","Europe","EURO","Western Europe",2006,1,0,1,0,0,0
"Norway","No","Europe","EURO","Western Europe",2007,1,0,1,0,0,0
"Norway","No","Europe","EURO","Western Europe",2015,1,0,1,0,0,0
"Oman","No","Asia","EMRO","Middle East and North Africa",2000,3,3,0,0,0,0.6
"Oman","No","Asia","EMRO","Middle East and North Africa",2001,8,6,2,0,0,1.21
"Oman","No","Asia","EMRO","Middle East and North Africa",2002,1,0,1,0,0,0
"Oman","No","Asia","EMRO","Middle East and North Africa",2015,1,0,1,0,0,0
"Oman","No","Asia","EMRO","Middle East and North Africa",2018,1,0,1,0,0,0
"Oman","No","Asia","EMRO","Middle East and North Africa",2019,4,0,4,0,0,0
"Pakistan","Yes","Asia","EMRO","South Asia",2010,164,164,0,0,0,0.76
"Pakistan","Yes","Asia","EMRO","South Asia",2011,527,527,0,219,41.56,2.43
"Pakistan","Yes","Asia","EMRO","South Asia",2012,144,144,0,8,5.56,0.66
"Pakistan","Yes","Asia","EMRO","South Asia",2013,1069,1069,0,23,2.15,4.94
"Pakistan","Yes","Asia","EMRO","South Asia",2014,1218,1218,0,6,0.49,5.62
"Pakistan","Yes","Asia","EMRO","South Asia",2020,21,21,0,0,0,0.1
"Papua New Guinea","Yes","Oceania","WPRO","East Asia and Pacific",2009,1957,1957,0,45,2.3,222.99
"Papua New Guinea","Yes","Oceania","WPRO","East Asia and Pacific",2010,8997,8997,0,95,1.06,1025.17
"Papua New Guinea","Yes","Oceania","WPRO","East Asia and Pacific",2011,1535,1535,0,2,0.13,174.91
"Paraguay","No","Americas","PAHO","Americas and Caribbean",2009,5,5,0,0,0,0.7
"Peru","No","Americas","PAHO","Americas and Caribbean",2000,934,934,0,6,0.64,28.33
"Peru","No","Americas","PAHO","Americas and Caribbean",2001,494,494,0,0,0,14.98
"Peru","No","Americas","PAHO","Americas and Caribbean",2002,16,16,0,0,0,0.49
"Philippines","Yes","Asia","WPRO","East Asia and Pacific",2000,213,213,0,6,2.82,1.97
"Philippines","Yes","Asia","WPRO","East Asia and Pacific",2001,174,174,0,0,0,1.61
"Philippines","Yes","Asia","WPRO","East Asia and Pacific",2004,533,533,0,3,0.56,4.93
"Philippines","Yes","Asia","WPRO","East Asia and Pacific",2005,139,139,0,2,1.44,1.29
"Philippines","Yes","Asia","WPRO","East Asia and Pacific",2006,66,66,0,1,1.52,0.61
"Philippines","Yes","Asia","WPRO","East Asia and Pacific",2010,33,33,0,2,6.06,0.31
"Philippines","Yes","Asia","WPRO","East Asia and Pacific",2011,120,120,0,3,2.5,1.11
"Philippines","Yes","Asia","WPRO","East Asia and Pacific",2012,1864,1864,0,14,0.75,17.24
"Philippines","Yes","Asia","WPRO","East Asia and Pacific",2013,6,6,0,0,0,0.06
"Philippines","Yes","Asia","WPRO","East Asia and Pacific",2014,4547,4547,0,8,0.18,42.06
"Philippines","Yes","Asia","WPRO","East Asia and Pacific",2016,124,124,0,0,0,1.15
"Philippines","Yes","Asia","WPRO","East Asia and Pacific",2017,134,134,0,2,1.49,1.24
"Philippines","Yes","Asia","WPRO","East Asia and Pacific",2018,2102,2102,0,6,0.29,19.44
"Philippines","Yes","Asia","WPRO","East Asia and Pacific",2019,5491,5491,0,8,0.15,50.79
"Philippines","Yes","Asia","WPRO","East Asia and Pacific",2020,3,3,0,0,0,0.03
"Poland","No","Europe","EURO","Western Europe",2005,1,0,1,0,0,0
"Qatar","No","Asia","EMRO","Middle East and North Africa",2002,1,0,1,0,0,0
"Qatar","No","Asia","EMRO","Middle East and North Africa",2004,1,0,1,0,0,0
"Qatar","No","Asia","EMRO","Middle East and North Africa",2005,2,0,2,0,0,0
"Qatar","No","Asia","EMRO","Middle East and North Africa",2017,5,0,5,0,0,0
"Russian Federation","No","Europe","EURO","Central, Eastern Europe",2001,53,53,0,0,0,0.37
"Russian Federation","No","Europe","EURO","Central, Eastern Europe",2004,1,0,1,0,0,0
"Russian Federation","No","Europe","EURO","Central, Eastern Europe",2006,1,0,1,0,0,0
"Russian Federation","No","Europe","EURO","Central, Eastern Europe",2010,3,0,3,0,0,0
"Russian Federation","No","Europe","EURO","Central, Eastern Europe",2012,1,0,1,0,0,0
"Russian Federation","No","Europe","EURO","Central, Eastern Europe",2014,1,0,1,0,0,0
"Rwanda","No","Africa","AFRO","Eastern and Southern Africa",2000,1235,1235,0,8,0.65,97.81
"Rwanda","No","Africa","AFRO","Eastern and Southern Africa",2001,157,157,0,2,1.27,12.43
"Rwanda","No","Africa","AFRO","Eastern and Southern Africa",2003,12,12,0,0,0,0.95
"Rwanda","No","Africa","AFRO","Eastern and Southern Africa",2004,586,586,0,0,0,46.41
"Rwanda","No","Africa","AFRO","Eastern and Southern Africa",2005,89,89,0,0,0,7.05
"Rwanda","No","Africa","AFRO","Eastern and Southern Africa",2006,405,405,0,21,5.19,32.07
"Rwanda","No","Africa","AFRO","Eastern and Southern Africa",2007,1453,1453,0,21,1.45,115.07
"Rwanda","No","Africa","AFRO","Eastern and Southern Africa",2008,23,23,0,0,0,1.82
"Rwanda","No","Africa","AFRO","Eastern and Southern Africa",2009,67,67,0,0,0,5.31
"Rwanda","No","Africa","AFRO","Eastern and Southern Africa",2012,9,9,0,0,0,0.71
"Rwanda","No","Africa","AFRO","Eastern and Southern Africa",2016,355,355,0,0,0,28.11
"Sao Tome and Principe","No","Africa","AFRO","West and Central Africa",2005,1966,1966,0,33,1.68,9141.8
"Sao Tome and Principe","No","Africa","AFRO","West and Central Africa",2006,926,926,0,9,0.97,4305.86
"Sao Tome and Principe","No","Africa","AFRO","West and Central Africa",2008,119,119,0,4,3.36,553.34
"Sao Tome and Principe","No","Africa","AFRO","West and Central Africa",2007,90,90,0,0,0,418.5
"Saudi Arabia","No","Asia","EMRO","Middle East and North Africa",2002,38,38,0,0,0,1.11
"Saudi Arabia","No","Asia","EMRO","Middle East and North Africa",2017,5,0,5,0,0,0
"Senegal","No","Africa","AFRO","West and Central Africa",2005,31719,31719,0,458,1.44,1946.39
"Senegal","No","Africa","AFRO","West and Central Africa",2007,3984,3984,0,24,0.6,244.47
"Senegal","No","Africa","AFRO","West and Central Africa",2008,1283,1283,0,20,1.56,78.73
"Senegal","No","Africa","AFRO","West and Central Africa",2004,1227,1227,0,10,0.81,75.29
"Senegal","No","Africa","AFRO","West and Central Africa",2006,365,365,0,10,2.74,22.4
"Senegal","No","Africa","AFRO","West and Central Africa",2011,5,5,0,0,0,0.31
"Senegal","No","Africa","AFRO","West and Central Africa",2009,4,4,0,0,0,0.25
"Senegal","No","Africa","AFRO","West and Central Africa",2010,3,3,0,0,0,0.18
"Senegal","No","Africa","AFRO","West and Central Africa",2012,1,1,0,0,0,0.06
"Seychelles","No","Africa","AFRO","Eastern and Southern Africa",2007,178,178,0,1,0.56,1823.3
"Sierra Leone","Yes","Africa","AFRO","West and Central Africa",2012,23124,23124,0,299,1.29,2959.6
"Sierra Leone","Yes","Africa","AFRO","West and Central Africa",2006,2560,2560,0,99,3.87,327.65
"Sierra Leone","Yes","Africa","AFRO","West and Central Africa",2007,2219,2219,0,84,3.79,284.01
"Sierra Leone","Yes","Africa","AFRO","West and Central Africa",2004,513,513,0,42,8.19,65.66
"Sierra Leone","Yes","Africa","AFRO","West and Central Africa",2013,377,377,0,32,8.49,48.25
"Sierra Leone","Yes","Africa","AFRO","West and Central Africa",2008,62,62,0,1,1.61,7.94
"Sierra Leone","Yes","Africa","AFRO","West and Central Africa",2005,6,6,0,0,0,0.77
"Singapore","No","Asia","WPRO","East Asia and Pacific",2000,10,10,0,0,0,1.75
"Singapore","No","Asia","WPRO","East Asia and Pacific",2001,8,8,0,0,0,1.4
"Singapore","No","Asia","WPRO","East Asia and Pacific",2002,2,1,1,0,0,0.18
"Singapore","No","Asia","WPRO","East Asia and Pacific",2003,1,1,0,0,0,0.18
"Singapore","No","Asia","WPRO","East Asia and Pacific",2004,11,10,1,1,9.09,1.75
"Singapore","No","Asia","WPRO","East Asia and Pacific",2011,2,0,2,0,0,0
"Singapore","No","Asia","WPRO","East Asia and Pacific",2012,2,0,2,0,0,0
"Singapore","No","Asia","WPRO","East Asia and Pacific",2013,2,0,2,0,0,0
"Singapore","No","Asia","WPRO","East Asia and Pacific",2014,2,0,2,0,0,0
"Singapore","No","Asia","WPRO","East Asia and Pacific",2017,3,0,3,0,0,0
"Singapore","No","Asia","WPRO","East Asia and Pacific",2018,2,0,2,0,0,0
"Singapore","No","Asia","WPRO","East Asia and Pacific",2019,2,0,2,0,0,0
"Slovenia","No","Europe","EURO","Western Europe",2007,1,0,1,0,0,0
"Somalia","Yes","Africa","EMRO","Eastern and Southern Africa",2000,7496,7496,0,563,7.51,485.4
"Somalia","Yes","Africa","EMRO","Eastern and Southern Africa",2001,1821,1821,0,124,6.81,117.92
"Somalia","Yes","Africa","EMRO","Eastern and Southern Africa",2002,2775,2775,0,159,5.73,179.69
"Somalia","Yes","Africa","EMRO","Eastern and Southern Africa",2003,11020,11020,0,56,0.51,713.6
"Somalia","Yes","Africa","EMRO","Eastern and Southern Africa",2004,4490,4490,0,26,0.58,290.75
"Somalia","Yes","Africa","EMRO","Eastern and Southern Africa",2007,41643,41643,0,1182,2.84,2696.58
"Somalia","Yes","Africa","EMRO","Eastern and Southern Africa",2008,1281,1281,0,16,1.25,82.95
"Somalia","Yes","Africa","EMRO","Eastern and Southern Africa",2009,208,208,0,3,1.44,13.47
"Somalia","Yes","Africa","EMRO","Eastern and Southern Africa",2010,3510,3510,0,103,2.93,227.29
"Somalia","Yes","Africa","EMRO","Eastern and Southern Africa",2011,77636,77636,0,1130,1.46,5027.29
"Somalia","Yes","Africa","EMRO","Eastern and Southern Africa",2012,22576,22576,0,200,0.89,1461.9
"Somalia","Yes","Africa","EMRO","Eastern and Southern Africa",2013,6864,6864,0,140,2.04,444.48
"Somalia","Yes","Africa","EMRO","Eastern and Southern Africa",2014,2820,2820,0,0,0,182.61
"Somalia","Yes","Africa","EMRO","Eastern and Southern Africa",2015,7536,7536,0,84,1.11,487.99
"Somalia","Yes","Africa","EMRO","Eastern and Southern Africa",2016,15619,15619,0,548,3.51,1011.4
"Somalia","Yes","Africa","EMRO","Eastern and Southern Africa",2017,75414,75414,0,1007,1.34,4883.41
"Somalia","Yes","Africa","EMRO","Eastern and Southern Africa",2018,6761,6761,0,45,0.67,437.81
"Somalia","Yes","Africa","EMRO","Eastern and Southern Africa",2019,3100,3100,0,4,0.13,200.74
"Somalia","Yes","Africa","EMRO","Eastern and Southern Africa",2020,6414,6414,0,44,0.69,415.34
"South Africa","No","Africa","AFRO","Eastern and Southern Africa",2001,106151,106151,0,232,0.22,1812.74
"South Africa","No","Africa","AFRO","Eastern and Southern Africa",2000,19667,19667,0,68,0.35,335.85
"South Africa","No","Africa","AFRO","Eastern and Southern Africa",2009,10520,10520,0,57,0.54,179.65
"South Africa","No","Africa","AFRO","Eastern and Southern Africa",2002,10004,10004,0,32,0.32,170.84
"South Africa","No","Africa","AFRO","Eastern and Southern Africa",2008,3907,3841,66,22,0.56,65.59
"South Africa","No","Africa","AFRO","Eastern and Southern Africa",2003,3901,3901,0,45,1.15,66.62
"South Africa","No","Africa","AFRO","Eastern and Southern Africa",2005,3503,3503,0,28,0.8,59.82
"South Africa","No","Africa","AFRO","Eastern and Southern Africa",2004,2767,2767,0,35,1.26,47.25
"South Africa","No","Africa","AFRO","Eastern and Southern Africa",2013,1,1,0,0,0,0.02
"South Sudan","Yes","Africa","AFRO","Eastern and Southern Africa",2017,16088,16088,0,353,2.19,1454.33
"South Sudan","Yes","Africa","AFRO","Eastern and Southern Africa",2014,6421,6421,0,167,2.6,580.45
"South Sudan","Yes","Africa","AFRO","Eastern and Southern Africa",2016,4295,4295,0,82,1.91,388.26
"South Sudan","Yes","Africa","AFRO","Eastern and Southern Africa",2015,1818,1818,0,47,2.59,164.34
"Spain","No","Europe","EURO","Western Europe",2001,1,0,1,0,0,0
"Spain","No","Europe","EURO","Western Europe",2002,1,0,1,0,0,0
"Spain","No","Europe","EURO","Western Europe",2006,2,0,2,0,0,0
"Spain","No","Europe","EURO","Western Europe",2007,2,0,2,0,0,0
"Spain","No","Europe","EURO","Western Europe",2008,5,0,5,0,0,0
"Spain","No","Europe","EURO","Western Europe",2015,2,0,2,0,0,0
"Sri Lanka","No","Asia","SEARO","South Asia",2000,2,2,0,0,0,0.09
"Sri Lanka","No","Asia","SEARO","South Asia",2002,9,9,0,1,11.11,0.41
"Sudan","Yes","Africa","EMRO","Middle East and North Africa",2006,30662,30662,0,1011,3.3,716.18
"Sudan","Yes","Africa","EMRO","Middle East and North Africa",2008,17241,17241,0,118,0.68,402.7
"Sudan","Yes","Africa","EMRO","Middle East and North Africa",2007,13731,13731,0,500,3.64,320.72
"Sudan","Yes","Africa","EMRO","Middle East and North Africa",2009,13681,13681,0,52,0.38,319.55
"Sudan","Yes","Africa","EMRO","Middle East and North Africa",2019,346,346,0,11,3.18,8.08
"Sudan","Yes","Africa","EMRO","Middle East and North Africa",2020,7,7,0,0,0,0.16
"Sweden","No","Europe","EURO","Western Europe",2003,1,0,1,0,0,0
"Sweden","No","Europe","EURO","Western Europe",2004,1,0,1,0,0,0
"Sweden","No","Europe","EURO","Western Europe",2006,1,0,1,0,0,0
"Sweden","No","Europe","EURO","Western Europe",2011,1,0,1,0,0,0
"Sweden","No","Europe","EURO","Western Europe",2015,1,0,1,0,0,0
"Switzerland","No","Europe","EURO","Western Europe",2006,1,0,1,0,0,0
"Switzerland","No","Europe","EURO","Western Europe",2015,2,0,2,0,0,0
"Tanzania","Yes","Africa","AFRO","Eastern and Southern Africa",2000,4637,4637,0,156,3.36,79.94
"Tanzania","Yes","Africa","AFRO","Eastern and Southern Africa",2001,1300,1300,0,52,4,22.41
"Tanzania","Yes","Africa","AFRO","Eastern and Southern Africa",2002,11920,11920,0,297,2.49,205.5
"Tanzania","Yes","Africa","AFRO","Eastern and Southern Africa",2003,710,710,0,32,4.51,12.24
"Tanzania","Yes","Africa","AFRO","Eastern and Southern Africa",2004,10319,10319,0,272,2.64,177.9
"Tanzania","Yes","Africa","AFRO","Eastern and Southern Africa",2005,2945,2945,0,94,3.19,50.77
"Tanzania","Yes","Africa","AFRO","Eastern and Southern Africa",2006,14297,14297,0,254,1.78,246.48
"Tanzania","Yes","Africa","AFRO","Eastern and Southern Africa",2007,1609,1609,0,65,4.04,27.74
"Tanzania","Yes","Africa","AFRO","Eastern and Southern Africa",2008,2911,2911,0,88,3.02,50.18
"Tanzania","Yes","Africa","AFRO","Eastern and Southern Africa",2009,7700,7700,0,113,1.47,132.75
"Tanzania","Yes","Africa","AFRO","Eastern and Southern Africa",2010,4469,4469,0,59,1.32,77.04
"Tanzania","Yes","Africa","AFRO","Eastern and Southern Africa",2011,942,942,0,11,1.17,16.24
"Tanzania","Yes","Africa","AFRO","Eastern and Southern Africa",2012,286,286,0,4,1.4,4.93
"Tanzania","Yes","Africa","AFRO","Eastern and Southern Africa",2013,270,270,0,17,6.3,4.65
"Tanzania","Yes","Africa","AFRO","Eastern and Southern Africa",2015,11563,11563,0,144,1.25,199.34
"Tanzania","Yes","Africa","AFRO","Eastern and Southern Africa",2016,11360,11360,0,172,1.51,195.84
"Tanzania","Yes","Africa","AFRO","Eastern and Southern Africa",2017,4895,4895,0,99,2.02,84.39
"Tanzania","Yes","Africa","AFRO","Eastern and Southern Africa",2018,4777,4777,0,84,1.76,82.35
"Thailand","Yes","Asia","SEARO","East Asia and Pacific",2006,35,35,0,0,0,0.5
"Thailand","Yes","Asia","SEARO","East Asia and Pacific",2007,1428,1428,0,7,0.49,20.51
"Thailand","Yes","Asia","SEARO","East Asia and Pacific",2008,436,129,307,3,0.69,1.85
"Thailand","Yes","Asia","SEARO","East Asia and Pacific",2009,315,315,0,2,0.63,4.52
"Thailand","Yes","Asia","SEARO","East Asia and Pacific",2010,1974,1974,0,15,0.76,28.35
"Thailand","Yes","Asia","SEARO","East Asia and Pacific",2011,279,279,0,4,1.43,4.01
"Thailand","Yes","Asia","SEARO","East Asia and Pacific",2012,29,29,0,0,0,0.42
"Thailand","Yes","Asia","SEARO","East Asia and Pacific",2013,8,8,0,0,0,0.11
"Thailand","Yes","Asia","SEARO","East Asia and Pacific",2014,12,12,0,0,0,0.17
"Thailand","Yes","Asia","SEARO","East Asia and Pacific",2015,125,125,0,1,0.8,1.8
"Thailand","Yes","Asia","SEARO","East Asia and Pacific",2016,52,52,0,1,1.92,0.75
"Thailand","Yes","Asia","SEARO","East Asia and Pacific",2017,8,8,0,0,0,0.11
"Thailand","Yes","Asia","SEARO","East Asia and Pacific",2018,6,6,0,0,0,0.09
"Thailand","Yes","Asia","SEARO","East Asia and Pacific",2019,12,12,0,1,8.33,0.17
"Thailand","Yes","Asia","SEARO","East Asia and Pacific",2020,7,7,0,1,14.29,0.1
"Timor-Leste","No","Asia","SEARO","East Asia and Pacific",2001,561,561,0,6,1.07,433.83
"Timor-Leste","No","Asia","SEARO","East Asia and Pacific",2002,30,30,0,2,6.67,23.2
"Togo","Yes","Africa","AFRO","West and Central Africa",2001,2696,2696,0,132,4.9,333.57
"Togo","Yes","Africa","AFRO","West and Central Africa",2005,1320,1320,0,15,1.14,163.32
"Togo","Yes","Africa","AFRO","West and Central Africa",2006,1159,1159,0,25,2.16,143.4
"Togo","Yes","Africa","AFRO","West and Central Africa",2004,1080,1080,0,33,3.06,133.62
"Togo","Yes","Africa","AFRO","West and Central Africa",2008,397,397,0,3,0.76,49.12
"Togo","Yes","Africa","AFRO","West and Central Africa",2003,384,384,0,28,7.29,47.51
"Togo","Yes","Africa","AFRO","West and Central Africa",2000,338,338,0,23,6.8,41.82
"Togo","Yes","Africa","AFRO","West and Central Africa",2014,262,262,0,11,4.2,32.42
"Togo","Yes","Africa","AFRO","West and Central Africa",2002,257,257,0,14,5.45,31.8
"Togo","Yes","Africa","AFRO","West and Central Africa",2009,218,218,0,1,0.46,26.97
"Togo","Yes","Africa","AFRO","West and Central Africa",2013,166,166,0,4,2.41,20.54
"Togo","Yes","Africa","AFRO","West and Central Africa",2010,72,72,0,3,4.17,8.91
"Togo","Yes","Africa","AFRO","West and Central Africa",2007,65,65,0,1,1.54,8.04
"Togo","Yes","Africa","AFRO","West and Central Africa",2012,61,61,0,1,1.64,7.55
"Togo","Yes","Africa","AFRO","West and Central Africa",2015,35,35,0,1,2.86,4.33
"Togo","Yes","Africa","AFRO","West and Central Africa",2011,4,4,0,0,0,0.49
"Togo","Yes","Africa","AFRO","West and Central Africa",2020,67,67,0,2,2.99,8.29
"Uganda","Yes","Africa","AFRO","Eastern and Southern Africa",2012,6326,6326,0,135,2.13,142.9
"Uganda","Yes","Africa","AFRO","Eastern and Southern Africa",2006,5194,5194,0,106,2.04,117.33
"Uganda","Yes","Africa","AFRO","Eastern and Southern Africa",2005,4924,4924,0,98,1.99,111.23
"Uganda","Yes","Africa","AFRO","Eastern and Southern Africa",2018,4440,4440,0,90,2.03,100.29
"Uganda","Yes","Africa","AFRO","Eastern and Southern Africa",2003,4377,4377,0,129,2.95,98.87
"Uganda","Yes","Africa","AFRO","Eastern and Southern Africa",2008,3726,3726,0,120,3.22,84.17
"Uganda","Yes","Africa","AFRO","Eastern and Southern Africa",2004,3380,3380,0,91,2.69,76.35
"Uganda","Yes","Africa","AFRO","Eastern and Southern Africa",2010,2341,2341,0,78,3.33,52.88
"Uganda","Yes","Africa","AFRO","Eastern and Southern Africa",2002,2274,2274,0,133,5.85,51.37
"Uganda","Yes","Africa","AFRO","Eastern and Southern Africa",2000,1595,1595,0,107,6.71,36.03
"Uganda","Yes","Africa","AFRO","Eastern and Southern Africa",2015,1461,1461,0,33,2.26,33
"Uganda","Yes","Africa","AFRO","Eastern and Southern Africa",2009,1095,1095,0,23,2.1,24.73
"Uganda","Yes","Africa","AFRO","Eastern and Southern Africa",2013,748,748,0,27,3.61,16.9
"Uganda","Yes","Africa","AFRO","Eastern and Southern Africa",2016,516,516,0,11,2.13,11.66
"Uganda","Yes","Africa","AFRO","Eastern and Southern Africa",2019,358,358,0,5,1.4,8.09
"Uganda","Yes","Africa","AFRO","Eastern and Southern Africa",2014,309,309,0,9,2.91,6.98
"Uganda","Yes","Africa","AFRO","Eastern and Southern Africa",2007,276,276,0,3,1.09,6.23
"Uganda","Yes","Africa","AFRO","Eastern and Southern Africa",2017,252,252,0,0,0,5.69
"Uganda","Yes","Africa","AFRO","Eastern and Southern Africa",2001,247,247,0,4,1.62,5.58
"Uganda","Yes","Africa","AFRO","Eastern and Southern Africa",2020,1521,1521,0,18,1.18,34.36
"Ukraine","No","Europe","EURO","Central, Eastern Europe",2007,1,0,1,0,0,0
"Ukraine","No","Europe","EURO","Central, Eastern Europe",2011,33,33,0,0,0,0.75
"United Arab Emirates","No","Asia","EMRO","Middle East and North Africa",2002,3,0,3,0,0,0
"United Arab Emirates","No","Asia","EMRO","Middle East and North Africa",2020,13,0,13,0,0,0
"United Arab Emirates","No","Asia","EMRO","Middle East and North Africa",2017,12,0,12,0,0,0
"United Kingdom","No","Europe","EURO","Western Europe",2000,33,0,33,0,0,0
"United Kingdom","No","Europe","EURO","Western Europe",2003,9,0,9,0,0,0
"United Kingdom","No","Europe","EURO","Western Europe",2004,13,0,13,0,0,0
"United Kingdom","No","Europe","EURO","Western Europe",2006,49,0,49,0,0,0
"United Kingdom","No","Europe","EURO","Western Europe",2007,32,0,32,0,0,0
"United Kingdom","No","Europe","EURO","Western Europe",2008,8,0,8,0,0,0
"United Kingdom","No","Europe","EURO","Western Europe",2009,16,0,16,0,0,0
"United Kingdom","No","Europe","EURO","Western Europe",2010,8,0,8,0,0,0
"United Kingdom","No","Europe","EURO","Western Europe",2011,32,0,32,0,0,0
"United Kingdom","No","Europe","EURO","Western Europe",2012,17,0,17,0,0,0
"United Kingdom","No","Europe","EURO","Western Europe",2013,6,0,6,0,0,0
"United Kingdom","No","Europe","EURO","Western Europe",2014,14,0,14,0,0,0
"United Kingdom","No","Europe","EURO","Western Europe",2015,15,0,15,0,0,0
"United Kingdom","No","Europe","EURO","Western Europe",2016,19,0,19,0,0,0
"USA","No","Americas","PAHO","North Americas",2000,4,4,0,0,0,0.01
"USA","No","Americas","PAHO","North Americas",2001,4,4,0,0,0,0.01
"USA","No","Americas","PAHO","North Americas",2002,2,0,2,0,0,0
"USA","No","Americas","PAHO","North Americas",2003,2,0,2,0,0,0
"USA","No","Americas","PAHO","North Americas",2004,5,0,5,0,0,0
"USA","No","Americas","PAHO","North Americas",2005,12,4,8,0,0,0.01
"USA","No","Americas","PAHO","North Americas",2006,8,4,4,0,0,0.01
"USA","No","Americas","PAHO","North Americas",2007,7,3,4,0,0,0.01
"USA","No","Americas","PAHO","North Americas",2008,5,1,4,0,0,0
"USA","No","Americas","PAHO","North Americas",2009,10,2,8,0,0,0.01
"USA","No","Americas","PAHO","North Americas",2010,15,0,15,0,0,0
"USA","No","Americas","PAHO","North Americas",2011,42,2,40,0,0,0.01
"USA","No","Americas","PAHO","North Americas",2012,18,1,17,0,0,0
"USA","No","Americas","PAHO","North Americas",2013,14,2,12,0,0,0.01
"USA","No","Americas","PAHO","North Americas",2014,7,0,7,0,0,0
"USA","No","Americas","PAHO","North Americas",2015,4,1,3,0,0,0
"USA","No","Americas","PAHO","North Americas",2016,14,2,12,0,0,0.01
"USA","No","Americas","PAHO","North Americas",2017,11,2,9,0,0,0.01
"USA","No","Americas","PAHO","North Americas",2018,10,2,8,0,0,0.01
"Venezuela","No","Americas","PAHO","Americas and Caribbean",2000,141,141,0,4,2.84,4.94
"Venezuela","No","Americas","PAHO","Americas and Caribbean",2011,49,0,49,0,0,0
"Venezuela","No","Americas","PAHO","Americas and Caribbean",2013,4,0,4,0,0,0
"Vietnam","No","Asia","WPRO","East Asia and Pacific",2007,1946,1946,0,0,0,19.99
"Vietnam","No","Asia","WPRO","East Asia and Pacific",2008,853,853,0,0,0,8.76
"Vietnam","No","Asia","WPRO","East Asia and Pacific",2009,471,471,0,1,0.21,4.84
"Vietnam","No","Asia","WPRO","East Asia and Pacific",2010,606,606,0,0,0,6.23
"Vietnam","No","Asia","WPRO","East Asia and Pacific",2011,3,3,0,0,0,0.03
"Yemen","Yes","Asia","EMRO","Middle East and North Africa",2020,275712,275712,0,115,0.04,9454.52
"Yemen","Yes","Asia","EMRO","Middle East and North Africa",2019,861096,861096,0,1025,0.12,29528.09
"Yemen","Yes","Asia","EMRO","Middle East and North Africa",2018,371326,371326,0,505,0.14,12733.25
"Yemen","Yes","Asia","EMRO","Middle East and North Africa",2017,1032481,1032481,0,2261,0.22,35405.11
"Yemen","Yes","Asia","EMRO","Middle East and North Africa",2016,15751,15751,0,164,1.04,540.12
"Yemen","Yes","Asia","EMRO","Middle East and North Africa",2011,31789,31789,0,134,0.42,1090.09
"Yemen","Yes","Asia","EMRO","Middle East and North Africa",2010,300,300,0,4,1.33,10.29
"Yemen","Yes","Asia","EMRO","Middle East and North Africa",2009,55,55,0,3,5.45,1.89
"Zambia","Yes","Africa","AFRO","Eastern and Southern Africa",2004,12149,12149,0,373,3.07,680.2
"Zambia","Yes","Africa","AFRO","Eastern and Southern Africa",2010,6794,6794,0,62,0.91,380.38
"Zambia","Yes","Africa","AFRO","Eastern and Southern Africa",2006,5360,5360,0,183,3.41,300.09
"Zambia","Yes","Africa","AFRO","Eastern and Southern Africa",2009,4712,4712,0,80,1.7,263.81
"Zambia","Yes","Africa","AFRO","Eastern and Southern Africa",2018,4082,4082,0,74,1.81,228.54
"Zambia","Yes","Africa","AFRO","Eastern and Southern Africa",2001,3109,3109,0,165,5.31,174.07
"Zambia","Yes","Africa","AFRO","Eastern and Southern Africa",2007,2286,2286,0,35,1.53,127.99
"Zambia","Yes","Africa","AFRO","Eastern and Southern Africa",2000,2283,2283,0,156,6.83,127.82
"Zambia","Yes","Africa","AFRO","Eastern and Southern Africa",2008,2061,2061,0,39,1.89,115.39
"Zambia","Yes","Africa","AFRO","Eastern and Southern Africa",2017,1794,1794,0,57,3.18,100.44
"Zambia","Yes","Africa","AFRO","Eastern and Southern Africa",2005,1503,1503,0,7,0.47,84.15
"Zambia","Yes","Africa","AFRO","Eastern and Southern Africa",2003,1049,1049,0,29,2.76,58.73
"Zambia","Yes","Africa","AFRO","Eastern and Southern Africa",2019,447,447,0,9,2.01,25.03
"Zambia","Yes","Africa","AFRO","Eastern and Southern Africa",2002,339,339,0,12,3.54,18.98
"Zambia","Yes","Africa","AFRO","Eastern and Southern Africa",2011,330,330,0,7,2.12,18.48
"Zambia","Yes","Africa","AFRO","Eastern and Southern Africa",2012,198,198,0,2,1.01,11.09
"Zimbabwe","Yes","Africa","AFRO","Eastern and Southern Africa",2009,68153,68153,0,2706,3.97,4653.52
"Zimbabwe","Yes","Africa","AFRO","Eastern and Southern Africa",2008,60055,60055,0,2928,4.88,4100.59
"Zimbabwe","Yes","Africa","AFRO","Eastern and Southern Africa",2018,10692,10692,0,65,0.61,730.06
"Zimbabwe","Yes","Africa","AFRO","Eastern and Southern Africa",2002,3125,3125,0,192,6.14,213.38
"Zimbabwe","Yes","Africa","AFRO","Eastern and Southern Africa",2000,1675,1675,0,96,5.73,114.37
"Zimbabwe","Yes","Africa","AFRO","Eastern and Southern Africa",2011,1220,1220,0,2,0.16,83.3
"Zimbabwe","Yes","Africa","AFRO","Eastern and Southern Africa",2003,1009,1009,0,35,3.47,68.9
"Zimbabwe","Yes","Africa","AFRO","Eastern and Southern Africa",2010,951,951,0,21,2.21,64.93
"Zimbabwe","Yes","Africa","AFRO","Eastern and Southern Africa",2006,789,789,0,61,7.73,53.87
"Zimbabwe","Yes","Africa","AFRO","Eastern and Southern Africa",2001,650,650,0,14,2.15,44.38
"Zimbabwe","Yes","Africa","AFRO","Eastern and Southern Africa",2005,516,516,0,26,5.04,35.23
"Zimbabwe","Yes","Africa","AFRO","Eastern and Southern Africa",2004,119,119,0,9,7.56,8.13
"Zimbabwe","Yes","Africa","AFRO","Eastern and Southern Africa",2007,65,65,0,4,6.15,4.44
"Zimbabwe","Yes","Africa","AFRO","Eastern and Southern Africa",2019,61,61,0,3,4.92,4.17
"Zimbabwe","Yes","Africa","AFRO","Eastern and Southern Africa",2015,60,60,0,0,0,4.1
"Zimbabwe","Yes","Africa","AFRO","Eastern and Southern Africa",2012,23,23,0,1,4.35,1.57
"Zimbabwe","Yes","Africa","AFRO","Eastern and Southern Africa",2016,10,10,0,1,10,0.68
